{
    "parent": "item/generated",
    "display": {
        "thirdperson_righthand": {
            "rotation": [ 0, -90, 55 ],
            "translation": [ 0, 4.0, 0.5 ],
            "scale": [ 4, 4, 4 ]
        },
        "thirdperson_lefthand": {
            "rotation": [ 0, 90, -55 ],
            "translation": [ 0, 4.0, 0.5 ],
            "scale": [ 4, 4, 4 ]
        },
        "firstperson_righthand": {
            "rotation": [ 0, -90, 45 ],
            "translation": [ 1.13, 3.4, 1.13 ],
            "scale": [ 4, 4, 4 ]
        },
        "firstperson_lefthand": {
            "rotation": [ 0, 90, -45 ],
            "translation": [ 1.13, 3.4, 1.13 ],
            "scale": [ 4, 4, 4 ]
        }
    },
    "textures": {
        "layer0": "items/diamond_sword"
    }
}