{
	"credit": "Made with Blockbench",
	"texture_size": [32, 32],
	"textures": {
		"0": "item/dietro_meizu",
		"1": "item/flesh_meizu",
		"2": "item/flymecar",
		"3": "item/fotocamera_meizu",
		"4": "item/pannello",
		"particle": "item/dietro_meizu"
	},
	"elements": [
		{
			"from": [8.95, 0, 0],
			"to": [9, 32, 16],
			"faces": {
				"north": {"uv": [0, 0, 0.025, 16], "texture": "#2"},
				"east": {"uv": [0, 0, 8, 16], "texture": "#2"},
				"south": {"uv": [0, 0, 0.025, 16], "texture": "#2"},
				"west": {"uv": [0, 0, 16, 16], "texture": "#2"},
				"up": {"uv": [0, 0, 0.025, 8], "texture": "#2"},
				"down": {"uv": [0, 0, 0.025, 8], "texture": "#2"}
			}
		},
		{
			"from": [8, 0, 14],
			"to": [10, 32, 16],
			"faces": {
				"north": {"uv": [0, 0, 1, 16], "texture": "#4"},
				"east": {"uv": [0, 0, 1, 16], "texture": "#4"},
				"south": {"uv": [0, 0, 1, 16], "texture": "#4"},
				"west": {"uv": [0, 0, 1, 16], "texture": "#4"},
				"up": {"uv": [0, 0, 1, 1], "texture": "#4"},
				"down": {"uv": [0, 0, 1, 1], "texture": "#4"}
			}
		},
		{
			"from": [8, 0, -1],
			"to": [10, 2, 16],
			"faces": {
				"north": {"uv": [0, 0, 1, 1], "texture": "#4"},
				"east": {"uv": [0, 0, 8.5, 1], "texture": "#4"},
				"south": {"uv": [0, 0, 1, 1], "texture": "#4"},
				"west": {"uv": [0, 0, 8.5, 1], "texture": "#4"},
				"up": {"uv": [0, 0, 1, 8.5], "texture": "#4"},
				"down": {"uv": [0, 0, 1, 8.5], "texture": "#4"}
			}
		},
		{
			"from": [8, 0, 0],
			"to": [10, 32, 2],
			"faces": {
				"north": {"uv": [0, 0, 1, 16], "texture": "#4"},
				"east": {"uv": [0, 0, 1, 16], "texture": "#4"},
				"south": {"uv": [0, 0, 1, 16], "texture": "#4"},
				"west": {"uv": [0, 0, 1, 16], "texture": "#4"},
				"up": {"uv": [0, 0, 1, 1], "texture": "#4"},
				"down": {"uv": [0, 0, 1, 1], "texture": "#4"}
			}
		},
		{
			"from": [8, 30, 0],
			"to": [10, 32, 17],
			"faces": {
				"north": {"uv": [0, 0, 1, 1], "texture": "#4"},
				"east": {"uv": [0, 0, 8.5, 1], "texture": "#4"},
				"south": {"uv": [0, 0, 1, 1], "texture": "#4"},
				"west": {"uv": [0, 0, 8.5, 1], "texture": "#4"},
				"up": {"uv": [0, 0, 1, 8.5], "texture": "#4"},
				"down": {"uv": [0, 0, 1, 8.5], "texture": "#4"}
			}
		},
		{
			"from": [9, 1, 1],
			"to": [11, 30, 15],
			"faces": {
				"north": {"uv": [0, 0, 2, 14.75], "texture": "#0"},
				"east": {"uv": [0, 0, 16, 16], "texture": "#0"},
				"south": {"uv": [0, 0, 2.25, 14.75], "texture": "#0"},
				"west": {"uv": [0, 0, 16, 16], "texture": "#0"},
				"up": {"uv": [0, 0, 2.25, 14.75], "texture": "#0"},
				"down": {"uv": [0, 0, 2.25, 14.75], "texture": "#0"}
			}
		},
		{
			"from": [10, 25, 6],
			"to": [12, 29, 10],
			"faces": {
				"north": {"uv": [0, 0, 1, 2], "texture": "#3"},
				"east": {"uv": [0, 0, 16, 16], "texture": "#3"},
				"south": {"uv": [0, 0, 1, 2], "texture": "#3"},
				"west": {"uv": [0, 0, 2, 2], "texture": "#3"},
				"up": {"uv": [0, 0, 1, 2], "texture": "#3"},
				"down": {"uv": [0, 0, 1, 2], "texture": "#3"}
			}
		},
		{
			"from": [10, 21, 7],
			"to": [12, 23, 9],
			"faces": {
				"north": {"uv": [0, 0, 1, 1], "texture": "#1"},
				"east": {"uv": [0, 0, 16, 16], "texture": "#1"},
				"south": {"uv": [0, 0, 1, 1], "texture": "#1"},
				"west": {"uv": [0, 0, 1, 1], "texture": "#1"},
				"up": {"uv": [0, 0, 1, 1], "texture": "#1"},
				"down": {"uv": [0, 0, 1, 1], "texture": "#1"}
			}
		}
	],
	"display": {
		"thirdperson_righthand": {
			"scale": [4, 4, 4]
		},
		"thirdperson_lefthand": {
			"rotation": [0, 180, 0],
			"scale": [4, 4, 4]
		},
		"firstperson_lefthand": {
			"rotation": [0, 180, 0]
		},
		"ground": {
			"translation": [0, 29, 0],
			"scale": [4, 4, 4]
		},
		"head": {
			"rotation": [0, -89, 0],
			"translation": [0, 12, 0]
		},
		"fixed": {
			"rotation": [0, -90, 0],
			"translation": [1, -7.5, -6.25],
			"scale": [4, 1, 1]
		}
	}
}