{
	"credit": "Made by xOpetz",
	"texture_size": [64, 64],
	"textures": {
		"0": "item/banana",
		"particle": "item/banana"
	},
	"elements": [
		{
			"name": "bone4",
			"from": [4, -2.25, -2.2],
			"to": [12, 5.75, 13.8],
			"rotation": {"angle": 0, "axis": "y", "origin": [0, 0, -2.2]},
			"faces": {
				"north": {"uv": [4, 4, 6, 6], "texture": "#0"},
				"east": {"uv": [0, 4, 4, 6], "texture": "#0"},
				"south": {"uv": [10, 4, 12, 6], "texture": "#0"},
				"west": {"uv": [6, 4, 10, 6], "texture": "#0"},
				"up": {"uv": [6, 4, 4, 0], "texture": "#0"},
				"down": {"uv": [8, 0, 6, 4], "texture": "#0"}
			}
		},
		{
			"name": "bone",
			"from": [5, -0.75, -11.2],
			"to": [11, 5.25, 0.8],
			"rotation": {"angle": 22.5, "axis": "x", "origin": [0, 0, -2.2]},
			"faces": {
				"north": {"uv": [3, 9, 4.5, 10.5], "texture": "#0"},
				"east": {"uv": [0, 9, 3, 10.5], "texture": "#0"},
				"south": {"uv": [7.5, 9, 9, 10.5], "texture": "#0"},
				"west": {"uv": [4.5, 9, 7.5, 10.5], "texture": "#0"},
				"up": {"uv": [4.5, 9, 3, 6], "texture": "#0"},
				"down": {"uv": [6, 6, 4.5, 9], "texture": "#0"}
			}
		},
		{
			"name": "bone2",
			"from": [5, -6.25, 9.55],
			"to": [11, -0.25, 21.55],
			"rotation": {"angle": -22.5, "axis": "x", "origin": [0, 0, -2.2]},
			"faces": {
				"north": {"uv": [3, 9, 4.5, 10.5], "texture": "#0"},
				"east": {"uv": [0, 9, 3, 10.5], "texture": "#0"},
				"south": {"uv": [7.5, 9, 9, 10.5], "texture": "#0"},
				"west": {"uv": [4.5, 9, 7.5, 10.5], "texture": "#0"},
				"up": {"uv": [4.5, 9, 3, 6], "texture": "#0"},
				"down": {"uv": [6, 6, 4.5, 9], "texture": "#0"}
			}
		},
		{
			"name": "bone3",
			"from": [6, -13.25, 16.55],
			"to": [10, -9.25, 24.55],
			"rotation": {"angle": -45, "axis": "x", "origin": [0, 0, -2.2]},
			"faces": {
				"north": {"uv": [8, 8, 9, 9], "texture": "#0"},
				"east": {"uv": [6, 8, 8, 9], "texture": "#0"},
				"south": {"uv": [11, 8, 12, 9], "texture": "#0"},
				"west": {"uv": [9, 8, 11, 9], "texture": "#0"},
				"up": {"uv": [9, 8, 8, 6], "texture": "#0"},
				"down": {"uv": [10, 6, 9, 8], "texture": "#0"}
			}
		}
	],
	"display": {
		"thirdperson_righthand": {
			"rotation": [71, 0, 0],
			"translation": [-0.5, -21.5, 4.75],
			"scale": [4, 4, 4]
		},
		"thirdperson_lefthand": {
			"rotation": [75, 0, 0],
			"translation": [0, -4.5, 0.5],
			"scale": [4, 4, 4]
		},
		"firstperson_righthand": {
			"rotation": [-99, -11, 47],
			"translation": [4.5, 4.5, -4.75],
			"scale": [0.48, 0.48, 0.48]
		},
		"firstperson_lefthand": {
			"rotation": [-114, 24, 137],
			"translation": [4.5, 6.5, -2],
			"scale": [0.41, 0.41, 0.41]
		},
		"ground": {
			"rotation": [-31, 6, -17],
			"translation": [0, 50, 0],
			"scale": [4, 4, 4]
		},
		"gui": {
			"rotation": [37, -180, -41],
			"translation": [-1.25, 0.75, 0],
			"scale": [0.5, 0.5, 0.5]
		},
		"head": {
			"rotation": [180, 90, 0],
			"translation": [1.75, 4.25, 0.75]
		},
		"fixed": {
			"rotation": [-81, -10, -20],
			"translation": [0, 0.75, -1.75],
			"scale": [0.43, 0.43, 0.43]
		}
	},
	"groups": [
		{
			"name": "group",
			"origin": [-12, -2.25, 1],
			"color": 0,
			"children": [0, 1, 2, 3]
		}
	]
}