{
	"credit": "Made with Blockbench",
	"texture_size": [32, 32],
	"textures": {
		"3": "item/rosa",
		"4": "item/gemma",
		"6": "item/violaaaaaaaaaaaaaaaaaaa",
		"9": "item/bbbbbbbbbbbbbbbbbbbbbbbbbbbbbbbbbbbbbbbbbbbbb",
		"10": "item/pannelloscudo",
		"11": "item/gold",
		"particle": "item/metallo"
	},
	"elements": [
		{
			"from": [6.5, -16, 6.25],
			"to": [9.5, -15, 9.75],
			"faces": {
				"north": {"uv": [0, 0, 16, 16], "texture": "#3"},
				"east": {"uv": [0, 0, 16, 16], "texture": "#3"},
				"south": {"uv": [0, 0, 16, 16], "texture": "#3"},
				"west": {"uv": [0, 0, 16, 16], "texture": "#3"},
				"up": {"uv": [0, 0, 16, 16], "texture": "#3"},
				"down": {"uv": [0, 0, 16, 16], "texture": "#3"}
			}
		},
		{
			"from": [7.25, -15, 7],
			"to": [8.75, -5, 9],
			"faces": {
				"north": {"uv": [0, 0, 15.75, 16], "texture": "#10"},
				"east": {"uv": [0, 0, 15.75, 16], "texture": "#10"},
				"south": {"uv": [0, 0, 15.5, 15.25], "texture": "#10"},
				"west": {"uv": [0, 0, 15.75, 15.5], "texture": "#10"},
				"up": {"uv": [16, 16, 0, 0], "texture": "#10"},
				"down": {"uv": [16, 0, 0, 16], "texture": "#10"}
			}
		},
		{
			"from": [6.5, -5, 6.25],
			"to": [9.5, -4, 9.75],
			"faces": {
				"north": {"uv": [0, 0, 16, 16], "texture": "#3"},
				"east": {"uv": [0, 0, 16, 16], "texture": "#3"},
				"south": {"uv": [0, 0, 16, 16], "texture": "#3"},
				"west": {"uv": [0, 0, 16, 16], "texture": "#3"},
				"up": {"uv": [0, 0, 16, 16], "texture": "#3"},
				"down": {"uv": [0, 0, 16, 16], "texture": "#3"}
			}
		},
		{
			"from": [6, -3, 1],
			"to": [10, -2, 5],
			"faces": {
				"north": {"uv": [0, 0, 2, 0.5], "texture": "#11"},
				"east": {"uv": [0, 0, 7, 0.5], "texture": "#11"},
				"south": {"uv": [0, 0, 2, 0.5], "texture": "#11"},
				"west": {"uv": [0, 0, 7, 0.5], "texture": "#11"},
				"up": {"uv": [0, 0, 2, 7], "texture": "#11"},
				"down": {"uv": [0, 0, 2, 7], "texture": "#11"}
			}
		},
		{
			"from": [6.5, -5, 0],
			"to": [9.5, 1, 1],
			"faces": {
				"north": {"uv": [0, 0, 1, 3], "texture": "#11"},
				"east": {"uv": [0, 0, 0.5, 3], "texture": "#11"},
				"south": {"uv": [0, 0, 1, 3], "texture": "#11"},
				"west": {"uv": [0, 0, 0.5, 3], "texture": "#11"},
				"up": {"uv": [0, 0, 1, 0.5], "texture": "#11"},
				"down": {"uv": [0, 0, 1, 0.5], "texture": "#11"}
			}
		},
		{
			"from": [6.75, -2, 2],
			"to": [9.25, -1, 4],
			"faces": {
				"north": {"uv": [0, 0, 1.25, 0.5], "texture": "#6"},
				"east": {"uv": [0, 0, 1, 0.5], "texture": "#6"},
				"south": {"uv": [0, 0, 1.25, 0.5], "texture": "#6"},
				"west": {"uv": [0, 0, 1, 0.5], "texture": "#6"},
				"up": {"uv": [0, 0, 1.25, 1], "texture": "#6"},
				"down": {"uv": [0, 0, 1.25, 1], "texture": "#6"}
			}
		},
		{
			"from": [7, 2, 7],
			"to": [9, 22, 9],
			"faces": {
				"north": {"uv": [0, 0, 1, 10], "texture": "#6"},
				"east": {"uv": [0, 0, 1, 10], "texture": "#6"},
				"south": {"uv": [0, 0, 1, 10], "texture": "#6"},
				"west": {"uv": [0, 0, 1, 10], "texture": "#6"},
				"up": {"uv": [0, 0, 1, 1], "texture": "#6"},
				"down": {"uv": [0, 0, 1, 1], "texture": "#6"}
			}
		},
		{
			"from": [6.5, -2, 5],
			"to": [9.5, 25, 7],
			"faces": {
				"north": {"uv": [0, 0, 16, 16], "texture": "#9"},
				"east": {"uv": [0, 0, 16, 16], "texture": "#9"},
				"south": {"uv": [0, 0, 16, 16], "texture": "#9"},
				"west": {"uv": [0, 0, 16, 16], "texture": "#9"},
				"up": {"uv": [0, 0, 16, 16], "texture": "#9"},
				"down": {"uv": [0, 0, 16, 16], "texture": "#9"}
			}
		},
		{
			"from": [6.5, -2, 9],
			"to": [9.5, 25, 11],
			"faces": {
				"north": {"uv": [0, 0, 16, 16], "texture": "#9"},
				"east": {"uv": [0, 0, 16, 16], "texture": "#9"},
				"south": {"uv": [0, 0, 16, 16], "texture": "#9"},
				"west": {"uv": [0, 0, 16, 16], "texture": "#9"},
				"up": {"uv": [0, 0, 16, 16], "texture": "#9"},
				"down": {"uv": [0, 0, 16, 16], "texture": "#9"}
			}
		},
		{
			"from": [7, -2, 7],
			"to": [9, 0, 9],
			"faces": {
				"north": {"uv": [0, 0, 1, 1], "texture": "#4"},
				"east": {"uv": [0, 0, 1, 1], "texture": "#4"},
				"south": {"uv": [0, 0, 1, 1], "texture": "#4"},
				"west": {"uv": [0, 0, 1, 1], "texture": "#4"},
				"up": {"uv": [0, 0, 1, 1], "texture": "#4"},
				"down": {"uv": [0, 0, 1, 1], "texture": "#4"}
			}
		},
		{
			"from": [6.5, 0, 7],
			"to": [9.5, 2, 9],
			"faces": {
				"north": {"uv": [0, 0, 1.5, 1], "texture": "#9"},
				"east": {"uv": [0, 0, 1, 1], "texture": "#9"},
				"south": {"uv": [0, 0, 1.5, 1], "texture": "#9"},
				"west": {"uv": [0, 0, 1, 1], "texture": "#9"},
				"up": {"uv": [0, 0, 1.5, 1], "texture": "#9"},
				"down": {"uv": [0, 0, 1.5, 1], "texture": "#9"}
			}
		},
		{
			"from": [7, -4, -1],
			"to": [9, 0, 0],
			"faces": {
				"north": {"uv": [0, 0, 1, 2], "texture": "#11"},
				"east": {"uv": [0, 0, 0.5, 2], "texture": "#11"},
				"south": {"uv": [0, 0, 1, 2], "texture": "#11"},
				"west": {"uv": [0, 0, 0.5, 2], "texture": "#11"},
				"up": {"uv": [0, 0, 1, 0.5], "texture": "#11"},
				"down": {"uv": [0, 0, 1, 0.5], "texture": "#11"}
			}
		},
		{
			"from": [7.25, -1, 2.5],
			"to": [8.75, 0, 3.5],
			"faces": {
				"north": {"uv": [0, 0, 0.75, 0.5], "texture": "#6"},
				"east": {"uv": [0, 0, 0.5, 0.5], "texture": "#6"},
				"south": {"uv": [0, 0, 0.75, 0.5], "texture": "#6"},
				"west": {"uv": [0, 0, 0.5, 0.5], "texture": "#6"},
				"up": {"uv": [0, 0, 0.75, 0.5], "texture": "#6"},
				"down": {"uv": [0, 0, 0.75, 0.5], "texture": "#6"}
			}
		},
		{
			"from": [6.25, -4.1, 2],
			"to": [9.75, -3, 6],
			"faces": {
				"north": {"uv": [0, 0, 1.75, 0.5], "texture": "#11"},
				"east": {"uv": [0, 0, 5.5, 0.5], "texture": "#11"},
				"south": {"uv": [0, 0, 1.75, 0.5], "texture": "#11"},
				"west": {"uv": [0, 0, 5.5, 0.5], "texture": "#11"},
				"up": {"uv": [0, 0, 1.75, 5.5], "texture": "#11"},
				"down": {"uv": [0, 0, 1.75, 5.5], "texture": "#11"}
			}
		},
		{
			"from": [6.5, -5, 15],
			"to": [9.5, 1, 16],
			"faces": {
				"north": {"uv": [0, 0, 1, 3], "texture": "#11"},
				"east": {"uv": [0, 0, 0.5, 3], "texture": "#11"},
				"south": {"uv": [0, 0, 1, 3], "texture": "#11"},
				"west": {"uv": [0, 0, 0.5, 3], "texture": "#11"},
				"up": {"uv": [0, 0, 1, 0.5], "texture": "#11"},
				"down": {"uv": [0, 0, 1, 0.5], "texture": "#11"}
			}
		},
		{
			"from": [7, -4, 16],
			"to": [9, 0, 17],
			"faces": {
				"north": {"uv": [0, 0, 1, 2], "texture": "#11"},
				"east": {"uv": [0, 0, 0.5, 2], "texture": "#11"},
				"south": {"uv": [0, 0, 1, 2], "texture": "#11"},
				"west": {"uv": [0, 0, 0.5, 2], "texture": "#11"},
				"up": {"uv": [0, 0, 1, 0.5], "texture": "#11"},
				"down": {"uv": [0, 0, 1, 0.5], "texture": "#11"}
			}
		},
		{
			"from": [6.75, -2, 12],
			"to": [9.25, -1, 14],
			"faces": {
				"north": {"uv": [0, 0, 1.25, 0.5], "texture": "#6"},
				"east": {"uv": [0, 0, 1, 0.5], "texture": "#6"},
				"south": {"uv": [0, 0, 1.25, 0.5], "texture": "#6"},
				"west": {"uv": [0, 0, 1, 0.5], "texture": "#6"},
				"up": {"uv": [0, 0, 1.25, 1], "texture": "#6"},
				"down": {"uv": [0, 0, 1.25, 1], "texture": "#6"}
			}
		},
		{
			"from": [7.25, -1, 12.5],
			"to": [8.75, 0, 13.5],
			"faces": {
				"north": {"uv": [0, 0, 0.75, 0.5], "texture": "#6"},
				"east": {"uv": [0, 0, 0.5, 0.5], "texture": "#6"},
				"south": {"uv": [0, 0, 0.75, 0.5], "texture": "#6"},
				"west": {"uv": [0, 0, 0.5, 0.5], "texture": "#6"},
				"up": {"uv": [0, 0, 0.75, 0.5], "texture": "#6"},
				"down": {"uv": [0, 0, 0.75, 0.5], "texture": "#6"}
			}
		},
		{
			"from": [6.5, 22, 7],
			"to": [9.5, 24, 9],
			"faces": {
				"north": {"uv": [0, 0, 1.5, 1], "texture": "#9"},
				"east": {"uv": [0, 0, 1, 1], "texture": "#9"},
				"south": {"uv": [0, 0, 1.5, 1], "texture": "#9"},
				"west": {"uv": [0, 0, 1, 1], "texture": "#9"},
				"up": {"uv": [0, 0, 1.5, 1], "texture": "#9"},
				"down": {"uv": [0, 0, 1.5, 1], "texture": "#9"}
			}
		},
		{
			"from": [7, 24, 7],
			"to": [9, 32, 9],
			"faces": {
				"north": {"uv": [0, 0, 1, 4], "texture": "#4"},
				"east": {"uv": [0, 0, 1, 4], "texture": "#4"},
				"south": {"uv": [0, 0, 1, 4], "texture": "#4"},
				"west": {"uv": [0, 0, 1, 4], "texture": "#4"},
				"up": {"uv": [0, 0, 1, 1], "texture": "#4"},
				"down": {"uv": [0, 0, 1, 1], "texture": "#4"}
			}
		},
		{
			"from": [6.75, 2, 8.5],
			"to": [9.25, 3, 9],
			"faces": {
				"north": {"uv": [0, 0, 1.25, 0.5], "texture": "#9"},
				"east": {"uv": [0, 0, 0.25, 0.5], "texture": "#9"},
				"south": {"uv": [0, 0, 1.25, 0.5], "texture": "#9"},
				"west": {"uv": [0, 0, 0.25, 0.5], "texture": "#9"},
				"up": {"uv": [0, 0, 1.25, 0.25], "texture": "#9"},
				"down": {"uv": [0, 0, 1.25, 0.25], "texture": "#9"}
			}
		},
		{
			"from": [6.75, 3, 8.75],
			"to": [9.25, 3.75, 9],
			"faces": {
				"north": {"uv": [0, 0, 1.25, 0.375], "texture": "#9"},
				"east": {"uv": [0, 0, 0.125, 0.375], "texture": "#9"},
				"south": {"uv": [0, 0, 1.25, 0.375], "texture": "#9"},
				"west": {"uv": [0, 0, 0.125, 0.375], "texture": "#9"},
				"up": {"uv": [0, 0, 1.25, 0.125], "texture": "#9"},
				"down": {"uv": [0, 0, 1.25, 0.125], "texture": "#9"}
			}
		},
		{
			"from": [6.75, 3, 7],
			"to": [9.25, 3.75, 7.25],
			"faces": {
				"north": {"uv": [0, 0, 1.25, 0.375], "texture": "#9"},
				"east": {"uv": [0, 0, 0.125, 0.375], "texture": "#9"},
				"south": {"uv": [0, 0, 1.25, 0.375], "texture": "#9"},
				"west": {"uv": [0, 0, 0.125, 0.375], "texture": "#9"},
				"up": {"uv": [0, 0, 1.25, 0.125], "texture": "#9"},
				"down": {"uv": [0, 0, 1.25, 0.125], "texture": "#9"}
			}
		},
		{
			"from": [6.75, 2, 7],
			"to": [9.25, 3, 7.5],
			"faces": {
				"north": {"uv": [0, 0, 1.25, 0.5], "texture": "#9"},
				"east": {"uv": [0, 0, 0.25, 0.5], "texture": "#9"},
				"south": {"uv": [0, 0, 1.25, 0.5], "texture": "#9"},
				"west": {"uv": [0, 0, 0.25, 0.5], "texture": "#9"},
				"up": {"uv": [0, 0, 1.25, 0.25], "texture": "#9"},
				"down": {"uv": [0, 0, 1.25, 0.25], "texture": "#9"}
			}
		},
		{
			"from": [6.75, 20.25, 7],
			"to": [9.25, 21, 7.25],
			"faces": {
				"north": {"uv": [0, 0, 1.25, 0.375], "texture": "#9"},
				"east": {"uv": [0, 0, 0.125, 0.375], "texture": "#9"},
				"south": {"uv": [0, 0, 1.25, 0.375], "texture": "#9"},
				"west": {"uv": [0, 0, 0.125, 0.375], "texture": "#9"},
				"up": {"uv": [0, 0, 1.25, 0.125], "texture": "#9"},
				"down": {"uv": [0, 0, 1.25, 0.125], "texture": "#9"}
			}
		},
		{
			"from": [6.75, 21, 7],
			"to": [9.25, 22, 7.5],
			"faces": {
				"north": {"uv": [0, 0, 1.25, 0.5], "texture": "#9"},
				"east": {"uv": [0, 0, 0.25, 0.5], "texture": "#9"},
				"south": {"uv": [0, 0, 1.25, 0.5], "texture": "#9"},
				"west": {"uv": [0, 0, 0.25, 0.5], "texture": "#9"},
				"up": {"uv": [0, 0, 1.25, 0.25], "texture": "#9"},
				"down": {"uv": [0, 0, 1.25, 0.25], "texture": "#9"}
			}
		},
		{
			"from": [6.75, 20.25, 8.75],
			"to": [9.25, 21, 9],
			"faces": {
				"north": {"uv": [0, 0, 1.25, 0.375], "texture": "#9"},
				"east": {"uv": [0, 0, 0.125, 0.375], "texture": "#9"},
				"south": {"uv": [0, 0, 1.25, 0.375], "texture": "#9"},
				"west": {"uv": [0, 0, 0.125, 0.375], "texture": "#9"},
				"up": {"uv": [0, 0, 1.25, 0.125], "texture": "#9"},
				"down": {"uv": [0, 0, 1.25, 0.125], "texture": "#9"}
			}
		},
		{
			"from": [6.75, 21, 8.5],
			"to": [9.25, 22, 9],
			"faces": {
				"north": {"uv": [0, 0, 1.25, 0.5], "texture": "#9"},
				"east": {"uv": [0, 0, 0.25, 0.5], "texture": "#9"},
				"south": {"uv": [0, 0, 1.25, 0.5], "texture": "#9"},
				"west": {"uv": [0, 0, 0.25, 0.5], "texture": "#9"},
				"up": {"uv": [0, 0, 1.25, 0.25], "texture": "#9"},
				"down": {"uv": [0, 0, 1.25, 0.25], "texture": "#9"}
			}
		},
		{
			"from": [6.75, 25, 6],
			"to": [9.25, 29, 7],
			"faces": {
				"north": {"uv": [0, 0, 1.25, 2], "texture": "#9"},
				"east": {"uv": [0, 0, 0.5, 2], "texture": "#9"},
				"south": {"uv": [0, 0, 1.25, 2], "texture": "#9"},
				"west": {"uv": [0, 0, 0.5, 2], "texture": "#9"},
				"up": {"uv": [0, 0, 1.25, 0.5], "texture": "#9"},
				"down": {"uv": [0, 0, 1.25, 0.5], "texture": "#9"}
			}
		},
		{
			"from": [6.75, 25, 9],
			"to": [9.25, 29, 10],
			"faces": {
				"north": {"uv": [0, 0, 1.25, 2], "texture": "#9"},
				"east": {"uv": [0, 0, 0.5, 2], "texture": "#9"},
				"south": {"uv": [0, 0, 1.25, 2], "texture": "#9"},
				"west": {"uv": [0, 0, 0.5, 2], "texture": "#9"},
				"up": {"uv": [0, 0, 1.25, 0.5], "texture": "#9"},
				"down": {"uv": [0, 0, 1.25, 0.5], "texture": "#9"}
			}
		},
		{
			"from": [7.75, -2, 4.5],
			"to": [8.25, 24, 5],
			"faces": {
				"north": {"uv": [0, 0, 0.25, 13], "texture": "#9"},
				"east": {"uv": [0, 0, 0.25, 13], "texture": "#9"},
				"south": {"uv": [0, 0, 0.25, 13], "texture": "#9"},
				"west": {"uv": [0, 0, 0.25, 13], "texture": "#9"},
				"up": {"uv": [0, 0, 0.25, 0.25], "texture": "#9"},
				"down": {"uv": [0, 0, 0.25, 0.25], "texture": "#9"}
			}
		},
		{
			"from": [7.75, -2, 11],
			"to": [8.25, 24, 11.5],
			"faces": {
				"north": {"uv": [0, 0, 0.25, 13], "texture": "#9"},
				"east": {"uv": [0, 0, 0.25, 13], "texture": "#9"},
				"south": {"uv": [0, 0, 0.25, 13], "texture": "#9"},
				"west": {"uv": [0, 0, 0.25, 13], "texture": "#9"},
				"up": {"uv": [0, 0, 0.25, 0.25], "texture": "#9"},
				"down": {"uv": [0, 0, 0.25, 0.25], "texture": "#9"}
			}
		},
		{
			"from": [6.75, 24, 7.5],
			"to": [9.25, 26, 8.5],
			"faces": {
				"north": {"uv": [0, 0, 1.25, 1], "texture": "#9"},
				"east": {"uv": [0, 0, 0.5, 1], "texture": "#9"},
				"south": {"uv": [0, 0, 1.25, 1], "texture": "#9"},
				"west": {"uv": [0, 0, 0.5, 1], "texture": "#9"},
				"up": {"uv": [0, 0, 1.25, 0.5], "texture": "#9"},
				"down": {"uv": [0, 0, 1.25, 0.5], "texture": "#9"}
			}
		},
		{
			"from": [6.75, 6, 7.75],
			"to": [9.25, 7, 8.25],
			"faces": {
				"north": {"uv": [0, 0, 1.25, 0.5], "texture": "#9"},
				"east": {"uv": [0, 0, 0.25, 0.5], "texture": "#9"},
				"south": {"uv": [0, 0, 1.25, 0.5], "texture": "#9"},
				"west": {"uv": [0, 0, 0.25, 0.5], "texture": "#9"},
				"up": {"uv": [0, 0, 1.25, 0.25], "texture": "#9"},
				"down": {"uv": [0, 0, 1.25, 0.25], "texture": "#9"}
			}
		},
		{
			"from": [6.75, 12, 8],
			"to": [9.25, 13, 8.5],
			"faces": {
				"north": {"uv": [0, 0, 1.25, 0.5], "texture": "#9"},
				"east": {"uv": [0, 0, 0.25, 0.5], "texture": "#9"},
				"south": {"uv": [0, 0, 1.25, 0.5], "texture": "#9"},
				"west": {"uv": [0, 0, 0.25, 0.5], "texture": "#9"},
				"up": {"uv": [0, 0, 1.25, 0.25], "texture": "#9"},
				"down": {"uv": [0, 0, 1.25, 0.25], "texture": "#9"}
			}
		},
		{
			"from": [6.75, 17, 7.25],
			"to": [9.25, 18, 7.75],
			"faces": {
				"north": {"uv": [0, 0, 1.25, 0.5], "texture": "#9"},
				"east": {"uv": [0, 0, 0.25, 0.5], "texture": "#9"},
				"south": {"uv": [0, 0, 1.25, 0.5], "texture": "#9"},
				"west": {"uv": [0, 0, 0.25, 0.5], "texture": "#9"},
				"up": {"uv": [0, 0, 1.25, 0.25], "texture": "#9"},
				"down": {"uv": [0, 0, 1.25, 0.25], "texture": "#9"}
			}
		},
		{
			"from": [6, -3, 11],
			"to": [10, -2, 15],
			"faces": {
				"north": {"uv": [0, 0, 2, 0.5], "texture": "#11"},
				"east": {"uv": [0, 0, 7, 0.5], "texture": "#11"},
				"south": {"uv": [0, 0, 2, 0.5], "texture": "#11"},
				"west": {"uv": [0, 0, 7, 0.5], "texture": "#11"},
				"up": {"uv": [0, 0, 2, 7], "texture": "#11"},
				"down": {"uv": [0, 0, 2, 7], "texture": "#11"}
			}
		},
		{
			"from": [6.25, -4.1, 6],
			"to": [9.75, -3, 14],
			"faces": {
				"north": {"uv": [0, 0, 1.75, 0.5], "texture": "#11"},
				"east": {"uv": [0, 0, 5.5, 0.5], "texture": "#11"},
				"south": {"uv": [0, 0, 1.75, 0.5], "texture": "#11"},
				"west": {"uv": [0, 0, 5.5, 0.5], "texture": "#11"},
				"up": {"uv": [0, 0, 1.75, 5.5], "texture": "#11"},
				"down": {"uv": [0, 0, 1.75, 5.5], "texture": "#11"}
			}
		},
		{
			"from": [6.75, -4, 5],
			"to": [9.25, -2, 11],
			"faces": {
				"north": {"uv": [0, 0, 16, 16], "texture": "#9"},
				"east": {"uv": [0, 0, 16, 16], "texture": "#9"},
				"south": {"uv": [0, 0, 16, 16], "texture": "#9"},
				"west": {"uv": [0, 0, 16, 16], "texture": "#9"},
				"up": {"uv": [0, 0, 16, 16], "texture": "#9"},
				"down": {"uv": [0, 0, 16, 16], "texture": "#9"}
			}
		},
		{
			"from": [7, -0.2, 15.5],
			"to": [9, 1.2, 16.5],
			"rotation": {"angle": -45, "axis": "x", "origin": [8, 0.5, 16.5]},
			"faces": {
				"north": {"uv": [0, 0, 16, 16], "texture": "#11"},
				"east": {"uv": [0, 0, 16, 16], "texture": "#11"},
				"south": {"uv": [0, 0, 16, 16], "texture": "#11"},
				"west": {"uv": [0, 0, 16, 16], "texture": "#11"},
				"up": {"uv": [0, 0, 16, 16], "texture": "#11"},
				"down": {"uv": [0, 0, 16, 16], "texture": "#11"}
			}
		},
		{
			"from": [7, -0.2, -0.5],
			"to": [9, 1.2, 0.5],
			"rotation": {"angle": 45, "axis": "x", "origin": [8, 0.5, -0.5]},
			"faces": {
				"north": {"uv": [0, 0, 16, 16], "texture": "#11"},
				"east": {"uv": [0, 0, 16, 16], "texture": "#11"},
				"south": {"uv": [0, 0, 16, 16], "texture": "#11"},
				"west": {"uv": [0, 0, 16, 16], "texture": "#11"},
				"up": {"uv": [0, 0, 16, 16], "texture": "#11"},
				"down": {"uv": [0, 0, 16, 16], "texture": "#11"}
			}
		}
	],
	"display": {
		"thirdperson_righthand": {
			"translation": [0, 70.25, 0],
			"scale": [4, 4, 4]
		},
		"firstperson_righthand": {
			"rotation": [11, 0, 0]
		},
		"ground": {
			"translation": [0, 80, 0],
			"scale": [4, 4, 4]
		},
		"gui": {
			"rotation": [0, 90, 0],
			"translation": [0, 15.75, 0]
		},
		"head": {
			"scale": [1, 4, 1]
		},
		"fixed": {
			"rotation": [0, 90, 0]
		}
	}
}