{
	"credit": "Made with Blockbench",
	"texture_size": [32, 32],
	"textures": {
		"0": "item/pannello",
		"8": "item/ferrofalce",
		"9": "item/pagina",
		"particle": "item/pannello"
	},
	"elements": [
		{
			"from": [7, 1, 0],
			"to": [9, 13, 1],
			"rotation": {"angle": 0, "axis": "x", "origin": [8.9375, 7, 8]},
			"faces": {
				"north": {"uv": [0, 0, 1, 6], "texture": "#8"},
				"east": {"uv": [0, 0, 0.5, 6], "texture": "#8"},
				"south": {"uv": [0, 0, 1, 6], "texture": "#8"},
				"west": {"uv": [0, 0, 0.5, 6], "texture": "#8"},
				"up": {"uv": [0, 0, 1, 0.5], "texture": "#8"},
				"down": {"uv": [0, 0, 1, 0.5], "texture": "#8"}
			}
		},
		{
			"from": [7, 1, 15],
			"to": [9, 13, 16],
			"rotation": {"angle": 0, "axis": "x", "origin": [8.9375, 7, 8]},
			"faces": {
				"north": {"uv": [0, 0, 1, 6], "texture": "#8"},
				"east": {"uv": [0, 0, 0.5, 6], "texture": "#8"},
				"south": {"uv": [0, 0, 1, 6], "texture": "#8"},
				"west": {"uv": [0, 0, 0.5, 6], "texture": "#8"},
				"up": {"uv": [0, 0, 1, 0.5], "texture": "#8"},
				"down": {"uv": [0, 0, 1, 0.5], "texture": "#8"}
			}
		},
		{
			"from": [9, 1, 9],
			"to": [11, 13, 10],
			"rotation": {"angle": 0, "axis": "x", "origin": [8.9375, 7, 8]},
			"faces": {
				"north": {"uv": [0, 0, 1, 6], "texture": "#8"},
				"east": {"uv": [0, 0, 0.5, 6], "texture": "#8"},
				"south": {"uv": [0, 0, 1, 6], "texture": "#8"},
				"west": {"uv": [0, 0, 0.5, 6], "texture": "#8"},
				"up": {"uv": [0, 0, 1, 0.5], "texture": "#8"},
				"down": {"uv": [0, 0, 1, 0.5], "texture": "#8"}
			}
		},
		{
			"from": [9, 1, 6],
			"to": [11, 13, 7],
			"rotation": {"angle": 0, "axis": "x", "origin": [8.9375, 7, 8]},
			"faces": {
				"north": {"uv": [0, 0, 1, 6], "texture": "#8"},
				"east": {"uv": [0, 0, 0.5, 6], "texture": "#8"},
				"south": {"uv": [0, 0, 1, 6], "texture": "#8"},
				"west": {"uv": [0, 0, 0.5, 6], "texture": "#8"},
				"up": {"uv": [0, 0, 1, 0.5], "texture": "#8"},
				"down": {"uv": [0, 0, 1, 0.5], "texture": "#8"}
			}
		},
		{
			"from": [9, 1, 1],
			"to": [10, 13, 6],
			"rotation": {"angle": 0, "axis": "x", "origin": [8.9375, 7, 8]},
			"faces": {
				"north": {"uv": [0, 0, 0.5, 6], "texture": "#8"},
				"east": {"uv": [0, 0, 2.5, 6], "texture": "#8"},
				"south": {"uv": [0, 0, 0.5, 6], "texture": "#8"},
				"west": {"uv": [0, 0, 2.5, 6], "texture": "#8"},
				"up": {"uv": [0, 0, 0.5, 2.5], "texture": "#8"},
				"down": {"uv": [0, 0, 0.5, 2.5], "texture": "#8"}
			}
		},
		{
			"from": [9, 1, 10],
			"to": [10, 13, 15],
			"rotation": {"angle": 0, "axis": "x", "origin": [8.9375, 7, 8]},
			"faces": {
				"north": {"uv": [0, 0, 0.5, 6], "texture": "#8"},
				"east": {"uv": [0, 0, 2.5, 6], "texture": "#8"},
				"south": {"uv": [0, 0, 0.5, 6], "texture": "#8"},
				"west": {"uv": [0, 0, 2.5, 6], "texture": "#8"},
				"up": {"uv": [0, 0, 0.5, 2.5], "texture": "#8"},
				"down": {"uv": [0, 0, 0.5, 2.5], "texture": "#8"}
			}
		},
		{
			"from": [10, 1, 7],
			"to": [12, 13, 9],
			"rotation": {"angle": 0, "axis": "x", "origin": [8.9375, 7, 8]},
			"faces": {
				"north": {"uv": [0, 0, 1, 6], "texture": "#8"},
				"east": {"uv": [0, 0, 1, 6], "texture": "#8"},
				"south": {"uv": [0, 0, 1, 6], "texture": "#8"},
				"west": {"uv": [0, 0, 1, 6], "texture": "#8"},
				"up": {"uv": [0, 0, 1, 1], "texture": "#8"},
				"down": {"uv": [0, 0, 1, 1], "texture": "#8"}
			}
		},
		{
			"from": [6.75, 0, 1],
			"to": [9, 1, 2],
			"rotation": {"angle": 0, "axis": "x", "origin": [8.9375, 7, 8]},
			"faces": {
				"north": {"uv": [0, 0, 1.125, 0.5], "texture": "#0"},
				"east": {"uv": [0, 0, 0.5, 0.5], "texture": "#0"},
				"south": {"uv": [0, 0, 1.125, 0.5], "texture": "#0"},
				"west": {"uv": [0, 0, 0.5, 0.5], "texture": "#0"},
				"up": {"uv": [0, 0, 1.125, 0.5], "texture": "#0"},
				"down": {"uv": [0, 0, 1.125, 0.5], "texture": "#0"}
			}
		},
		{
			"from": [6.75, 0, 14],
			"to": [9, 1, 15],
			"rotation": {"angle": 0, "axis": "x", "origin": [8.9375, 7, 8]},
			"faces": {
				"north": {"uv": [0, 0, 1.125, 0.5], "texture": "#0"},
				"east": {"uv": [0, 0, 0.5, 0.5], "texture": "#0"},
				"south": {"uv": [0, 0, 1.125, 0.5], "texture": "#0"},
				"west": {"uv": [0, 0, 0.5, 0.5], "texture": "#0"},
				"up": {"uv": [0, 0, 1.125, 0.5], "texture": "#0"},
				"down": {"uv": [0, 0, 1.125, 0.5], "texture": "#0"}
			}
		},
		{
			"from": [8, 0, 2],
			"to": [9, 1, 14],
			"rotation": {"angle": 0, "axis": "x", "origin": [8.9375, 7, 8]},
			"faces": {
				"north": {"uv": [0, 0, 0.5, 0.5], "texture": "#0"},
				"east": {"uv": [0, 0, 6, 0.5], "texture": "#0"},
				"south": {"uv": [0, 0, 0.5, 0.5], "texture": "#0"},
				"west": {"uv": [0, 0, 6, 0.5], "texture": "#0"},
				"up": {"uv": [0, 0, 0.5, 6], "texture": "#0"},
				"down": {"uv": [0, 0, 0.5, 6], "texture": "#0"}
			}
		},
		{
			"from": [6.75, 13, 1],
			"to": [9, 14, 2],
			"rotation": {"angle": 0, "axis": "x", "origin": [8.9375, 7, 8]},
			"faces": {
				"north": {"uv": [0, 0, 1.125, 0.5], "texture": "#0"},
				"east": {"uv": [0, 0, 0.5, 0.5], "texture": "#0"},
				"south": {"uv": [0, 0, 1.125, 0.5], "texture": "#0"},
				"west": {"uv": [0, 0, 0.5, 0.5], "texture": "#0"},
				"up": {"uv": [0, 0, 1.125, 0.5], "texture": "#0"},
				"down": {"uv": [0, 0, 1.125, 0.5], "texture": "#0"}
			}
		},
		{
			"from": [9, 13, 7],
			"to": [11, 14, 9],
			"rotation": {"angle": 0, "axis": "x", "origin": [8.9375, 7, 8]},
			"faces": {
				"north": {"uv": [0, 0, 1, 0.5], "texture": "#0"},
				"east": {"uv": [0, 0, 1, 0.5], "texture": "#0"},
				"south": {"uv": [0, 0, 1, 0.5], "texture": "#0"},
				"west": {"uv": [0, 0, 1, 0.5], "texture": "#0"},
				"up": {"uv": [0, 0, 1, 1], "texture": "#0"},
				"down": {"uv": [0, 0, 1, 1], "texture": "#0"}
			}
		},
		{
			"from": [6.75, 13, 14],
			"to": [9, 14, 15],
			"rotation": {"angle": 0, "axis": "x", "origin": [8.9375, 7, 8]},
			"faces": {
				"north": {"uv": [0, 0, 1.125, 0.5], "texture": "#0"},
				"east": {"uv": [0, 0, 0.5, 0.5], "texture": "#0"},
				"south": {"uv": [0, 0, 1.125, 0.5], "texture": "#0"},
				"west": {"uv": [0, 0, 0.5, 0.5], "texture": "#0"},
				"up": {"uv": [0, 0, 1.125, 0.5], "texture": "#0"},
				"down": {"uv": [0, 0, 1.125, 0.5], "texture": "#0"}
			}
		},
		{
			"from": [8, 13, 2],
			"to": [9, 14, 14],
			"rotation": {"angle": 0, "axis": "x", "origin": [8.9375, 7, 8]},
			"faces": {
				"north": {"uv": [0, 0, 0.5, 0.5], "texture": "#0"},
				"east": {"uv": [0, 0, 6, 0.5], "texture": "#0"},
				"south": {"uv": [0, 0, 0.5, 0.5], "texture": "#0"},
				"west": {"uv": [0, 0, 6, 0.5], "texture": "#0"},
				"up": {"uv": [0, 0, 0.5, 6], "texture": "#0"},
				"down": {"uv": [0, 0, 0.5, 6], "texture": "#0"}
			}
		},
		{
			"from": [9, 0, 7],
			"to": [11, 1, 9],
			"rotation": {"angle": 0, "axis": "x", "origin": [8.9375, 7, 8]},
			"faces": {
				"north": {"uv": [0, 0, 1, 0.5], "texture": "#0"},
				"east": {"uv": [0, 0, 1, 0.5], "texture": "#0"},
				"south": {"uv": [0, 0, 1, 0.5], "texture": "#0"},
				"west": {"uv": [0, 0, 1, 0.5], "texture": "#0"},
				"up": {"uv": [0, 0, 1, 1], "texture": "#0"},
				"down": {"uv": [0, 0, 1, 1], "texture": "#0"}
			}
		},
		{
			"from": [8.95, 1, 9],
			"to": [9, 13, 15],
			"rotation": {"angle": 0, "axis": "x", "origin": [8.9375, 7, 8]},
			"faces": {
				"north": {"uv": [0, 0, 16, 16], "texture": "#9"},
				"east": {"uv": [0, 0, 16, 16], "texture": "#9"},
				"south": {"uv": [0, 0, 0.025, 6], "texture": "#9"},
				"west": {"uv": [0, 0, 16, 16], "texture": "#9"},
				"up": {"uv": [0, 0, 16, 16], "texture": "#9"},
				"down": {"uv": [0, 0, 0.025, 3], "texture": "#9"}
			}
		},
		{
			"from": [8.95, 1, 1],
			"to": [9, 13, 7],
			"rotation": {"angle": 0, "axis": "x", "origin": [8.9375, 7, 8]},
			"faces": {
				"north": {"uv": [0, 0, 16, 16], "texture": "#9"},
				"east": {"uv": [0, 0, 16, 16], "texture": "#9"},
				"south": {"uv": [0, 0, 16, 16], "texture": "#9"},
				"west": {"uv": [0, 0, 16, 16], "texture": "#9"},
				"up": {"uv": [16, 16, 0, 0], "texture": "#9"},
				"down": {"uv": [16, 0, 0, 16], "texture": "#9"}
			}
		},
		{
			"from": [9.95, 1, 7],
			"to": [10, 13, 9],
			"rotation": {"angle": 0, "axis": "x", "origin": [8.9375, 7, 8]},
			"faces": {
				"north": {"uv": [0, 0, 16, 16], "texture": "#9"},
				"east": {"uv": [0, 0, 16, 16], "texture": "#9"},
				"south": {"uv": [0, 0, 0.025, 6], "texture": "#9"},
				"west": {"uv": [0, 0, 16, 16], "texture": "#9"},
				"up": {"uv": [0, 0, 16, 16], "texture": "#9"},
				"down": {"uv": [0, 0, 0.025, 1], "texture": "#9"}
			}
		},
		{
			"from": [7, 1, 14.95],
			"to": [9, 13, 15],
			"rotation": {"angle": 0, "axis": "x", "origin": [8.9375, 7, 8]},
			"faces": {
				"north": {"uv": [0, 0, 16, 16], "texture": "#9"},
				"east": {"uv": [0, 0, 16, 16], "texture": "#9"},
				"south": {"uv": [0, 0, 1, 6], "texture": "#9"},
				"west": {"uv": [0, 0, 0.025, 6], "texture": "#9"},
				"up": {"uv": [0, 0, 16, 16], "rotation": 90, "texture": "#9"},
				"down": {"uv": [0, 0, 0.025, 1], "rotation": 270, "texture": "#9"}
			}
		},
		{
			"from": [9, 1, 8.95],
			"to": [10, 13, 9],
			"rotation": {"angle": 0, "axis": "x", "origin": [8.9375, 7, 8]},
			"faces": {
				"north": {"uv": [0, 0, 16, 16], "texture": "#9"},
				"east": {"uv": [0, 0, 16, 16], "texture": "#9"},
				"south": {"uv": [0, 0, 16, 16], "texture": "#9"},
				"west": {"uv": [0, 0, 16, 16], "texture": "#9"},
				"up": {"uv": [0, 0, 16, 16], "rotation": 90, "texture": "#9"},
				"down": {"uv": [0, 0, 16, 16], "rotation": 270, "texture": "#9"}
			}
		},
		{
			"from": [9, 1, 7],
			"to": [10, 13, 7.05],
			"rotation": {"angle": 0, "axis": "x", "origin": [8.9375, 7, 8]},
			"faces": {
				"north": {"uv": [0, 0, 16, 16], "texture": "#9"},
				"east": {"uv": [0, 0, 16, 16], "texture": "#9"},
				"south": {"uv": [0, 0, 16, 16], "texture": "#9"},
				"west": {"uv": [0, 0, 0.025, 6], "texture": "#9"},
				"up": {"uv": [0, 0, 16, 16], "rotation": 270, "texture": "#9"},
				"down": {"uv": [0, 0, 0.025, 0.5], "rotation": 90, "texture": "#9"}
			}
		},
		{
			"from": [7, 1, 1],
			"to": [9, 13, 1.05],
			"rotation": {"angle": 0, "axis": "x", "origin": [8.9375, 7, 8]},
			"faces": {
				"north": {"uv": [0, 0, 16, 16], "texture": "#9"},
				"east": {"uv": [0, 0, 16, 16], "texture": "#9"},
				"south": {"uv": [0, 0, 16, 16], "texture": "#9"},
				"west": {"uv": [0, 0, 0.025, 6], "texture": "#9"},
				"up": {"uv": [0, 0, 16, 16], "rotation": 270, "texture": "#9"},
				"down": {"uv": [0, 0, 0.025, 1], "rotation": 90, "texture": "#9"}
			}
		},
		{
			"from": [6.75, 1, 0.25],
			"to": [7, 13, 1.25],
			"rotation": {"angle": 0, "axis": "x", "origin": [8.9375, 7, 8]},
			"faces": {
				"north": {"uv": [0, 0, 0.125, 6], "texture": "#0"},
				"east": {"uv": [0, 0, 0.5, 6], "texture": "#0"},
				"south": {"uv": [0, 0, 0.125, 6], "texture": "#0"},
				"west": {"uv": [0, 0, 0.5, 6], "texture": "#0"},
				"up": {"uv": [0, 0, 0.125, 0.5], "texture": "#0"},
				"down": {"uv": [0, 0, 0.125, 0.5], "texture": "#0"}
			}
		},
		{
			"from": [6.75, 1, 14.75],
			"to": [7, 13, 15.75],
			"rotation": {"angle": 0, "axis": "x", "origin": [8.9375, 7, 8]},
			"faces": {
				"north": {"uv": [0, 0, 0.125, 6], "texture": "#0"},
				"east": {"uv": [0, 0, 0.5, 6], "texture": "#0"},
				"south": {"uv": [0, 0, 0.125, 6], "texture": "#0"},
				"west": {"uv": [0, 0, 0.5, 6], "texture": "#0"},
				"up": {"uv": [0, 0, 0.125, 0.5], "texture": "#0"},
				"down": {"uv": [0, 0, 0.125, 0.5], "texture": "#0"}
			}
		}
	],
	"display": {
		"thirdperson_righthand": {
			"rotation": [68, 89, -64],
			"translation": [-6, 1.75, 0.5]
		},
		"thirdperson_lefthand": {
			"rotation": [68, 89, 0],
			"translation": [-6.25, -6, 6.5]
		},
		"firstperson_righthand": {
			"rotation": [11, 0, 0],
			"translation": [0, 4.75, 2.75],
			"scale": [0.5, 0.5, 0.5]
		},
		"ground": {
			"translation": [0, 80, 0],
			"scale": [4, 4, 4]
		},
		"gui": {
			"rotation": [0, 89, 0],
			"translation": [0, 1.75, 0]
		},
		"head": {
			"rotation": [0, -90, 90],
			"translation": [0, -2.5, 0],
			"scale": [4, 4, 4]
		},
		"fixed": {
			"rotation": [0, -91, 0],
			"translation": [0, 0.75, -3.75]
		}
	}
}