{
	"credit": "Made with Blockbench",
	"texture_size": [32, 32],
	"textures": {
		"1": "item/pannello",
		"2": "item/texture",
		"5": "item/ferrofalce",
		"6": "item/diamante",
		"7": "item/gemma",
		"8": "item/b2b2cd59da84a3f52ec07666df16411d3c21ed61_2000x2000",
		"particle": "item/pannelloscudo"
	},
	"elements": [
		{
			"from": [7, 24.25, 7],
			"to": [9, 26.25, 9],
			"rotation": {"angle": 0, "axis": "y", "origin": [-6, 0, 0]},
			"faces": {
				"north": {"uv": [0, 0, 16, 16], "texture": "#6"},
				"east": {"uv": [0, 0, 16, 16], "texture": "#6"},
				"south": {"uv": [0, 0, 16, 16], "texture": "#6"},
				"west": {"uv": [0, 0, 16, 16], "texture": "#6"},
				"up": {"uv": [0, 0, 16, 16], "texture": "#6"},
				"down": {"uv": [0, 0, 16, 16], "texture": "#6"}
			}
		},
		{
			"from": [7, 31, 7],
			"to": [9, 32, 9],
			"rotation": {"angle": 0, "axis": "y", "origin": [-6, 0, 0]},
			"faces": {
				"north": {"uv": [0, 0, 1, 0.5], "texture": "#5"},
				"east": {"uv": [0, 0, 1, 0.5], "texture": "#5"},
				"south": {"uv": [0, 0, 1, 0.5], "texture": "#5"},
				"west": {"uv": [0, 0, 1, 0.5], "texture": "#5"},
				"up": {"uv": [0, 0, 1, 1], "texture": "#5"},
				"down": {"uv": [0, 0, 1, 1], "texture": "#5"}
			}
		},
		{
			"from": [7, 29, 11],
			"to": [9, 30, 13],
			"rotation": {"angle": 0, "axis": "y", "origin": [-6, 0, 0]},
			"faces": {
				"north": {"uv": [0, 0, 1, 1], "texture": "#5"},
				"east": {"uv": [0, 0, 1, 1], "texture": "#5"},
				"south": {"uv": [0, 0, 1, 1], "texture": "#5"},
				"west": {"uv": [0, 0, 1, 1], "texture": "#5"},
				"up": {"uv": [0, 0, 1, 1], "texture": "#5"},
				"down": {"uv": [0, 0, 1, 1], "texture": "#5"}
			}
		},
		{
			"from": [7, 30, 11],
			"to": [9, 30.9, 12],
			"rotation": {"angle": 0, "axis": "y", "origin": [-6, 0, 0]},
			"faces": {
				"north": {"uv": [0, 0, 1, 1], "texture": "#5"},
				"east": {"uv": [0, 0, 1, 1], "texture": "#5"},
				"south": {"uv": [0, 0, 1, 1], "texture": "#5"},
				"west": {"uv": [0, 0, 1, 1], "texture": "#5"},
				"up": {"uv": [0, 0, 1, 1], "texture": "#5"},
				"down": {"uv": [0, 0, 1, 1], "texture": "#5"}
			}
		},
		{
			"from": [7, 30.9, 11],
			"to": [9, 31, 11.8],
			"rotation": {"angle": 0, "axis": "y", "origin": [-6, 0, 0]},
			"faces": {
				"north": {"uv": [0, 0, 1, 1], "texture": "#5"},
				"east": {"uv": [0, 0, 1, 1], "texture": "#5"},
				"south": {"uv": [0, 0, 1, 1], "texture": "#5"},
				"west": {"uv": [0, 0, 1, 1], "texture": "#5"},
				"up": {"uv": [0, 0, 1, 1], "texture": "#5"},
				"down": {"uv": [0, 0, 1, 1], "texture": "#5"}
			}
		},
		{
			"from": [7, 7.75, 7],
			"to": [9, 23.5, 9],
			"rotation": {"angle": 0, "axis": "y", "origin": [-6, 0, 0]},
			"faces": {
				"north": {"uv": [0, 0, 1, 9.5], "texture": "#1"},
				"east": {"uv": [0, 0, 1, 9.5], "texture": "#1"},
				"south": {"uv": [0, 0, 1, 9.5], "texture": "#1"},
				"west": {"uv": [0, 0, 1, 9.5], "texture": "#1"},
				"up": {"uv": [0, 0, 1, 1], "texture": "#1"},
				"down": {"uv": [0, 0, 1, 1], "texture": "#1"}
			}
		},
		{
			"from": [6.75, 0.5, 6.75],
			"to": [9.25, 6, 9.25],
			"rotation": {"angle": 0, "axis": "y", "origin": [-6, 0, 0]},
			"faces": {
				"north": {"uv": [0, 0, 16, 16], "texture": "#2"},
				"east": {"uv": [0, 0, 16, 16], "texture": "#2"},
				"south": {"uv": [0, 0, 16, 16], "texture": "#2"},
				"west": {"uv": [0, 0, 16, 15.5], "texture": "#2"},
				"up": {"uv": [0, 0, 16, 16], "texture": "#2"},
				"down": {"uv": [0, 0, 16, 16], "texture": "#2"}
			}
		},
		{
			"from": [7, -9, 7],
			"to": [9, -1.25, 9],
			"rotation": {"angle": 0, "axis": "y", "origin": [-6, 0, 0]},
			"faces": {
				"north": {"uv": [0, 0, 1, 9.5], "texture": "#1"},
				"east": {"uv": [0, 0, 1, 9.5], "texture": "#1"},
				"south": {"uv": [0, 0, 1, 9.5], "texture": "#1"},
				"west": {"uv": [0, 0, 1, 9.5], "texture": "#1"},
				"up": {"uv": [0, 0, 1, 1], "texture": "#1"},
				"down": {"uv": [0, 0, 1, 1], "texture": "#1"}
			}
		},
		{
			"from": [7, -11, 7],
			"to": [9, -9, 9],
			"rotation": {"angle": 0, "axis": "y", "origin": [-6, 0, 0]},
			"faces": {
				"north": {"uv": [0, 0, 16, 16], "texture": "#6"},
				"east": {"uv": [0, 0, 16, 16], "texture": "#6"},
				"south": {"uv": [0, 0, 16, 16], "texture": "#6"},
				"west": {"uv": [0, 0, 16, 16], "texture": "#6"},
				"up": {"uv": [0, 0, 16, 16], "texture": "#6"},
				"down": {"uv": [0, 0, 16, 16], "texture": "#6"}
			}
		},
		{
			"from": [7, -12, 7],
			"to": [9, -11, 9],
			"rotation": {"angle": 0, "axis": "y", "origin": [-6, 0, 0]},
			"faces": {
				"north": {"uv": [0, 0, 1, 0.5], "texture": "#1"},
				"east": {"uv": [0, 0, 1, 0.5], "texture": "#1"},
				"south": {"uv": [0, 0, 1, 0.5], "texture": "#1"},
				"west": {"uv": [0, 0, 1, 0.5], "texture": "#1"},
				"up": {"uv": [0, 0, 1, 1], "texture": "#1"},
				"down": {"uv": [0, 0, 1, 1], "texture": "#1"}
			}
		},
		{
			"from": [7, 27, 7],
			"to": [9, 31, 9],
			"faces": {
				"north": {"uv": [0, 0, 1, 2], "texture": "#5"},
				"east": {"uv": [0, 0, 1, 2], "texture": "#5"},
				"south": {"uv": [0, 0, 1, 2], "texture": "#5"},
				"west": {"uv": [0, 0, 1, 2], "texture": "#5"},
				"up": {"uv": [0, 0, 1, 1], "texture": "#5"},
				"down": {"uv": [0, 0, 1, 1], "texture": "#5"}
			}
		},
		{
			"from": [7, 28.95, 9],
			"to": [9, 31.25, 11],
			"faces": {
				"north": {"uv": [0, 0, 1, 1.5], "texture": "#5"},
				"east": {"uv": [0, 0, 1, 1.5], "texture": "#5"},
				"south": {"uv": [0, 0, 1, 1.5], "texture": "#5"},
				"west": {"uv": [0, 0, 1, 1.5], "texture": "#5"},
				"up": {"uv": [0, 0, 1, 1], "texture": "#5"},
				"down": {"uv": [0, 0, 1, 1], "texture": "#5"}
			}
		},
		{
			"from": [7, 28.95, 5],
			"to": [9, 29, 7],
			"faces": {
				"north": {"uv": [0, 0, 1, 0.375], "texture": "#5"},
				"east": {"uv": [0, 0, 1, 0.375], "texture": "#5"},
				"south": {"uv": [0, 0, 1, 0.375], "texture": "#5"},
				"west": {"uv": [0, 0, 1, 0.375], "texture": "#5"},
				"up": {"uv": [0, 0, 1, 1], "texture": "#5"},
				"down": {"uv": [0, 0, 1, 1], "texture": "#5"}
			}
		},
		{
			"from": [7, 30.9, 5],
			"to": [9, 31.15, 7],
			"faces": {
				"north": {"uv": [0, 0, 1, 0.125], "texture": "#5"},
				"east": {"uv": [0, 0, 1, 0.125], "texture": "#5"},
				"south": {"uv": [0, 0, 1, 0.125], "texture": "#5"},
				"west": {"uv": [0, 0, 1, 0.125], "texture": "#5"},
				"up": {"uv": [0, 0, 1, 1], "texture": "#5"},
				"down": {"uv": [0, 0, 1, 1], "texture": "#5"}
			}
		},
		{
			"from": [7, 27, 12.15],
			"to": [9, 29, 17.25],
			"rotation": {"angle": 22.5, "axis": "x", "origin": [8, 31, 17]},
			"faces": {
				"north": {"uv": [0, 0, 1, 1], "texture": "#5"},
				"east": {"uv": [0, 0, 2.5, 1], "texture": "#5"},
				"south": {"uv": [0, 0, 1, 1], "texture": "#5"},
				"west": {"uv": [0, 0, 2.5, 1], "texture": "#5"},
				"up": {"uv": [0, 0, 1, 2.5], "texture": "#5"},
				"down": {"uv": [0, 0, 1, 2.5], "texture": "#5"}
			}
		},
		{
			"from": [6.75, 8.25, 6.75],
			"to": [9.25, 10.75, 9.25],
			"rotation": {"angle": 0, "axis": "y", "origin": [-6, 0, 0]},
			"faces": {
				"north": {"uv": [0, 0, 16, 16], "texture": "#6"},
				"east": {"uv": [0, 0, 16, 16], "texture": "#6"},
				"south": {"uv": [0, 0, 16, 16], "texture": "#6"},
				"west": {"uv": [0, 0, 16, 16], "texture": "#6"},
				"up": {"uv": [0, 0, 16, 16], "texture": "#6"},
				"down": {"uv": [0, 0, 16, 16], "texture": "#6"}
			}
		},
		{
			"from": [6.75, -4.25, 6.75],
			"to": [9.25, -1.75, 9.25],
			"rotation": {"angle": 0, "axis": "y", "origin": [-6, 0, 0]},
			"faces": {
				"north": {"uv": [0, 0, 16, 16], "texture": "#6"},
				"east": {"uv": [0, 0, 16, 16], "texture": "#6"},
				"south": {"uv": [0, 0, 16, 16], "texture": "#6"},
				"west": {"uv": [0, 0, 16, 16], "texture": "#6"},
				"up": {"uv": [0, 0, 16, 16], "texture": "#6"},
				"down": {"uv": [0, 0, 16, 16], "texture": "#6"}
			}
		},
		{
			"from": [6.75, 29, 7],
			"to": [9.25, 31, 9],
			"faces": {
				"north": {"uv": [0, 0, 16, 16], "texture": "#7"},
				"east": {"uv": [0, 0, 16, 16], "texture": "#7"},
				"south": {"uv": [0, 0, 16, 16], "texture": "#7"},
				"west": {"uv": [0, 0, 16, 16], "texture": "#7"},
				"up": {"uv": [0, 0, 16, 16], "texture": "#7"},
				"down": {"uv": [0, 0, 16, 16], "texture": "#7"}
			}
		},
		{
			"from": [6.75, 29, 7],
			"to": [9.25, 31, 9],
			"rotation": {"angle": -22.5, "axis": "x", "origin": [8, 30, 8]},
			"faces": {
				"north": {"uv": [0, 0, 16, 16], "texture": "#7"},
				"east": {"uv": [0, 0, 16, 16], "texture": "#7"},
				"south": {"uv": [0, 0, 16, 16], "texture": "#7"},
				"west": {"uv": [0, 0, 16, 16], "texture": "#7"},
				"up": {"uv": [0, 0, 16, 16], "texture": "#7"},
				"down": {"uv": [0, 0, 16, 16], "texture": "#7"}
			}
		},
		{
			"from": [6.75, 29, 7],
			"to": [9.25, 31, 9],
			"rotation": {"angle": 22.5, "axis": "x", "origin": [8, 30, 8]},
			"faces": {
				"north": {"uv": [0, 0, 16, 16], "texture": "#7"},
				"east": {"uv": [0, 0, 16, 16], "texture": "#7"},
				"south": {"uv": [0, 0, 16, 16], "texture": "#7"},
				"west": {"uv": [0, 0, 16, 16], "texture": "#7"},
				"up": {"uv": [0, 0, 16, 16], "texture": "#7"},
				"down": {"uv": [0, 0, 16, 16], "texture": "#7"}
			}
		},
		{
			"from": [6.75, 29, 7],
			"to": [9.25, 31, 9],
			"rotation": {"angle": 45, "axis": "x", "origin": [8, 30, 8]},
			"faces": {
				"north": {"uv": [0, 0, 16, 16], "texture": "#7"},
				"east": {"uv": [0, 0, 16, 16], "texture": "#7"},
				"south": {"uv": [0, 0, 16, 16], "texture": "#7"},
				"west": {"uv": [0, 0, 16, 16], "texture": "#7"},
				"up": {"uv": [0, 0, 16, 16], "texture": "#7"},
				"down": {"uv": [0, 0, 16, 16], "texture": "#7"}
			}
		},
		{
			"from": [7, 29.3, 2],
			"to": [9, 30.9, 7],
			"rotation": {"angle": 0, "axis": "y", "origin": [-6, 0, 0]},
			"faces": {
				"north": {"uv": [0, 0, 1, 1], "texture": "#5"},
				"east": {"uv": [0, 0, 1.5, 1], "texture": "#5"},
				"south": {"uv": [0, 0, 1, 1], "texture": "#5"},
				"west": {"uv": [0, 0, 1.5, 1], "texture": "#5"},
				"up": {"uv": [0, 0, 1, 1.5], "texture": "#5"},
				"down": {"uv": [0, 0, 1, 1.5], "texture": "#5"}
			}
		},
		{
			"from": [7, 29.1, 3.2],
			"to": [9, 29.3, 5],
			"rotation": {"angle": -22.5, "axis": "x", "origin": [8, 28.6, 4]},
			"faces": {
				"north": {"uv": [0, 0, 1, 0.1], "texture": "#5"},
				"east": {"uv": [0, 0, 0.9, 0.1], "texture": "#5"},
				"south": {"uv": [0, 0, 1, 0.1], "texture": "#5"},
				"west": {"uv": [0, 0, 0.9, 0.1], "texture": "#5"},
				"up": {"uv": [0, 0, 0.9, 1], "rotation": 270, "texture": "#5"},
				"down": {"uv": [0, 0, 0.9, 1], "rotation": 90, "texture": "#5"}
			}
		},
		{
			"from": [7, 27.45, -6.5],
			"to": [9, 28.4, 2.75],
			"rotation": {"angle": -22.5, "axis": "x", "origin": [8, 27, -1.5]},
			"faces": {
				"north": {"uv": [0, 0, 1, 0.875], "texture": "#5"},
				"east": {"uv": [0, 0, 4.625, 0.875], "texture": "#5"},
				"south": {"uv": [0, 0, 1, 0.875], "texture": "#5"},
				"west": {"uv": [0, 0, 4.625, 0.875], "texture": "#5"},
				"up": {"uv": [0, 0, 1, 4.625], "texture": "#5"},
				"down": {"uv": [0, 0, 1, 4.625], "texture": "#5"}
			}
		},
		{
			"from": [7, 26.90202, -1.04181],
			"to": [9, 27.50202, 1.75819],
			"rotation": {"angle": -45, "axis": "x", "origin": [8, 27.00202, -0.64181]},
			"faces": {
				"north": {"uv": [0, 0, 1, 0.3], "texture": "#5"},
				"east": {"uv": [0, 0, 1.4, 0.3], "texture": "#5"},
				"south": {"uv": [0, 0, 1, 0.3], "texture": "#5"},
				"west": {"uv": [0, 0, 1.4, 0.3], "texture": "#5"},
				"up": {"uv": [0, 0, 1.4, 1], "rotation": 270, "texture": "#5"},
				"down": {"uv": [0, 0, 1.4, 1], "rotation": 90, "texture": "#5"}
			}
		},
		{
			"from": [7, 28.15753, -4.60748],
			"to": [9, 30.15753, 2.39252],
			"rotation": {"angle": -22.5, "axis": "x", "origin": [8, 29.25753, 0.59252], "rescale": true},
			"faces": {
				"north": {"uv": [0, 0, 1, 1], "texture": "#5"},
				"east": {"uv": [0, 0, 3.5, 1], "texture": "#5"},
				"south": {"uv": [0, 0, 1, 1], "texture": "#5"},
				"west": {"uv": [0, 0, 3.5, 1], "texture": "#5"},
				"up": {"uv": [0, 0, 1, 3.5], "texture": "#5"},
				"down": {"uv": [0, 0, 1, 3.5], "texture": "#5"}
			}
		},
		{
			"from": [7, 27.3, -1.1],
			"to": [9, 27.7, -0.4],
			"faces": {
				"north": {"uv": [0, 0, 1, 0.2], "texture": "#5"},
				"east": {"uv": [0, 0, 0.35, 0.2], "texture": "#5"},
				"south": {"uv": [0, 0, 1, 0.2], "texture": "#5"},
				"west": {"uv": [0, 0, 0.35, 0.2], "texture": "#5"},
				"up": {"uv": [0, 0, 1, 0.35], "texture": "#5"},
				"down": {"uv": [0, 0, 1, 0.35], "texture": "#5"}
			}
		},
		{
			"from": [7, 29, 2.6],
			"to": [9, 29.4, 3.5],
			"faces": {
				"north": {"uv": [0, 0, 1, 0.2], "texture": "#5"},
				"east": {"uv": [0, 0, 0.45, 0.2], "texture": "#5"},
				"south": {"uv": [0, 0, 1, 0.2], "texture": "#5"},
				"west": {"uv": [0, 0, 0.45, 0.2], "texture": "#5"},
				"up": {"uv": [0, 0, 1, 0.45], "texture": "#5"},
				"down": {"uv": [0, 0, 1, 0.45], "texture": "#5"}
			}
		},
		{
			"from": [7, 29.1, 2.6],
			"to": [9, 29.4, 3.9],
			"faces": {
				"north": {"uv": [0, 0, 1, 0.15], "texture": "#5"},
				"east": {"uv": [0, 0, 0.65, 0.15], "texture": "#5"},
				"south": {"uv": [0, 0, 1, 0.15], "texture": "#5"},
				"west": {"uv": [0, 0, 0.65, 0.15], "texture": "#5"},
				"up": {"uv": [0, 0, 1, 0.65], "texture": "#5"},
				"down": {"uv": [0, 0, 1, 0.65], "texture": "#5"}
			}
		},
		{
			"from": [7, 25.9, -8.75],
			"to": [9, 26.9, -0.75],
			"rotation": {"angle": -22.5, "axis": "x", "origin": [15, 27, -3]},
			"faces": {
				"north": {"uv": [0, 0, 1, 0.9], "texture": "#5"},
				"east": {"uv": [0, 0, 4, 0.9], "texture": "#5"},
				"south": {"uv": [0, 0, 1, 0.9], "texture": "#5"},
				"west": {"uv": [0, 0, 4, 0.9], "texture": "#5"},
				"up": {"uv": [0, 0, 1, 4], "texture": "#5"},
				"down": {"uv": [0, 0, 1, 4], "texture": "#5"}
			}
		},
		{
			"from": [7, 24.8, -5.4],
			"to": [9, 25.2, -4.7],
			"faces": {
				"north": {"uv": [0, 0, 1, 0.2], "texture": "#5"},
				"east": {"uv": [0, 0, 0.35, 0.2], "texture": "#5"},
				"south": {"uv": [0, 0, 1, 0.2], "texture": "#5"},
				"west": {"uv": [0, 0, 0.35, 0.2], "texture": "#5"},
				"up": {"uv": [0, 0, 1, 0.35], "texture": "#5"},
				"down": {"uv": [0, 0, 1, 0.35], "texture": "#5"}
			}
		},
		{
			"from": [7, 25.35, -12.55],
			"to": [9, 25.95, -5.75],
			"rotation": {"angle": -22.5, "axis": "x", "origin": [15, 27, -3]},
			"faces": {
				"north": {"uv": [0, 0, 1, 0.7], "texture": "#5"},
				"east": {"uv": [0, 0, 3.4, 0.7], "texture": "#5"},
				"south": {"uv": [0, 0, 1, 0.7], "texture": "#5"},
				"west": {"uv": [0, 0, 3.4, 0.7], "texture": "#5"},
				"up": {"uv": [0, 0, 1, 3.4], "texture": "#5"},
				"down": {"uv": [0, 0, 1, 3.4], "texture": "#5"}
			}
		},
		{
			"from": [7, 28.30202, -5.84181],
			"to": [9, 28.80202, -3.04181],
			"rotation": {"angle": -45, "axis": "x", "origin": [8, 27.00202, -0.64181]},
			"faces": {
				"north": {"uv": [0, 0, 1, 0.25], "texture": "#5"},
				"east": {"uv": [0, 0, 1.4, 0.25], "texture": "#5"},
				"south": {"uv": [0, 0, 1, 0.25], "texture": "#5"},
				"west": {"uv": [0, 0, 1.4, 0.25], "texture": "#5"},
				"up": {"uv": [0, 0, 1.4, 1], "rotation": 270, "texture": "#5"},
				"down": {"uv": [0, 0, 1.4, 1], "rotation": 90, "texture": "#5"}
			}
		},
		{
			"from": [7, 22.61917, -6.03298],
			"to": [9, 28.11917, -5.23298],
			"rotation": {"angle": 45, "axis": "x", "origin": [8, 26.71917, -5.73298]},
			"faces": {
				"north": {"uv": [0, 0, 2.75, 1], "rotation": 90, "texture": "#5"},
				"east": {"uv": [0, 0, 2.75, 0.4], "rotation": 90, "texture": "#5"},
				"south": {"uv": [0, 0, 2.75, 1], "rotation": 90, "texture": "#5"},
				"west": {"uv": [0, 0, 2.75, 0.4], "rotation": 270, "texture": "#5"},
				"up": {"uv": [0, 0, 1, 0.4], "texture": "#5"},
				"down": {"uv": [0, 0, 1, 0.4], "rotation": 180, "texture": "#5"}
			}
		},
		{
			"from": [7, 21.21917, -6.03298],
			"to": [9, 23.11917, -5.43298],
			"rotation": {"angle": 45, "axis": "x", "origin": [8, 26.71917, -5.73298]},
			"faces": {
				"north": {"uv": [0, 0, 0.95, 1], "rotation": 90, "texture": "#5"},
				"east": {"uv": [0, 0, 0.95, 0.3], "rotation": 90, "texture": "#5"},
				"south": {"uv": [0, 0, 0.95, 1], "rotation": 90, "texture": "#5"},
				"west": {"uv": [0, 0, 0.95, 0.3], "rotation": 270, "texture": "#5"},
				"up": {"uv": [0, 0, 1, 0.3], "texture": "#5"},
				"down": {"uv": [0, 0, 1, 0.3], "rotation": 180, "texture": "#5"}
			}
		},
		{
			"from": [7, 21.8827, -11.58401],
			"to": [9, 22.2827, -11.18401],
			"rotation": {"angle": 22.5, "axis": "x", "origin": [8, 21.7827, -11.28401]},
			"faces": {
				"north": {"uv": [0, 0, 1, 0.7], "texture": "#5"},
				"east": {"uv": [0, 0, 3.4, 0.7], "texture": "#5"},
				"south": {"uv": [0, 0, 1, 0.7], "texture": "#5"},
				"west": {"uv": [0, 0, 3.4, 0.7], "texture": "#5"},
				"up": {"uv": [0, 0, 1, 3.4], "texture": "#5"},
				"down": {"uv": [0, 0, 1, 3.4], "texture": "#5"}
			}
		},
		{
			"from": [7, 28.8, 2],
			"to": [9, 29, 3.35],
			"faces": {
				"north": {"uv": [0, 0, 1, 0.4], "texture": "#5"},
				"east": {"uv": [0, 0, 0.675, 0.4], "texture": "#5"},
				"south": {"uv": [0, 0, 1, 0.4], "texture": "#5"},
				"west": {"uv": [0, 0, 0.675, 0.4], "texture": "#5"},
				"up": {"uv": [0, 0, 1, 0.675], "texture": "#5"},
				"down": {"uv": [0, 0, 1, 0.675], "texture": "#5"}
			}
		},
		{
			"from": [7, -16, 7],
			"to": [9, -14, 9],
			"faces": {
				"north": {"uv": [0, 0, 1, 1], "texture": "#5"},
				"east": {"uv": [0, 0, 1, 1], "texture": "#5"},
				"south": {"uv": [0, 0, 1, 1], "texture": "#5"},
				"west": {"uv": [0, 0, 1, 1], "texture": "#5"},
				"up": {"uv": [0, 0, 1, 1], "texture": "#5"},
				"down": {"uv": [0, 0, 1, 1], "texture": "#5"}
			}
		},
		{
			"from": [6, -15, 6],
			"to": [10, -13, 10],
			"faces": {
				"north": {"uv": [0, 0, 2, 1], "texture": "#5"},
				"east": {"uv": [0, 0, 2, 1], "texture": "#5"},
				"south": {"uv": [0, 0, 2, 1], "texture": "#5"},
				"west": {"uv": [0, 0, 2, 1], "texture": "#5"},
				"up": {"uv": [0, 0, 2, 2], "texture": "#5"},
				"down": {"uv": [0, 0, 2, 2], "texture": "#5"}
			}
		},
		{
			"from": [6, 6, 6],
			"to": [10, 7, 10],
			"faces": {
				"north": {"uv": [0, 0, 2, 0.5], "texture": "#1"},
				"east": {"uv": [0, 0, 2, 0.5], "texture": "#1"},
				"south": {"uv": [0, 0, 2, 0.5], "texture": "#1"},
				"west": {"uv": [0, 0, 2, 0.5], "texture": "#1"},
				"up": {"uv": [0, 0, 2, 2], "texture": "#1"},
				"down": {"uv": [0, 0, 2, 2], "texture": "#1"}
			}
		},
		{
			"from": [6, -0.5, 6],
			"to": [10, 0.5, 10],
			"faces": {
				"north": {"uv": [0, 0, 2, 0.5], "texture": "#1"},
				"east": {"uv": [0, 0, 2, 0.5], "texture": "#1"},
				"south": {"uv": [0, 0, 2, 0.5], "texture": "#1"},
				"west": {"uv": [0, 0, 2, 0.5], "texture": "#1"},
				"up": {"uv": [0, 0, 2, 2], "texture": "#1"},
				"down": {"uv": [0, 0, 2, 2], "texture": "#1"}
			}
		},
		{
			"from": [6.75, 26.25, 13.5],
			"to": [9.25, 28.75, 16.75],
			"rotation": {"angle": 22.5, "axis": "x", "origin": [8, 25, 17]},
			"faces": {
				"north": {"uv": [0, 0, 1.25, 1.25], "texture": "#1"},
				"east": {"uv": [0, 0, 1.625, 1.25], "texture": "#1"},
				"south": {"uv": [0, 0, 1.25, 1.25], "texture": "#1"},
				"west": {"uv": [0, 0, 1.625, 1.25], "texture": "#1"},
				"up": {"uv": [0, 0, 1.25, 1.625], "texture": "#1"},
				"down": {"uv": [0, 0, 1.25, 1.625], "texture": "#1"}
			}
		},
		{
			"from": [8.05, 27.55, 17.7],
			"to": [8.55, 28.05, 20.95],
			"rotation": {"angle": 22.5, "axis": "x", "origin": [8, 25.6, 16.2]},
			"faces": {
				"north": {"uv": [0, 0, 9.75, 8.5], "texture": "#8"},
				"east": {"uv": [0, 0, 11.5, 11], "texture": "#8"},
				"south": {"uv": [0, 0, 0.25, 0.25], "texture": "#8"},
				"west": {"uv": [0, 0, 1.625, 0.25], "texture": "#8"},
				"up": {"uv": [0, 0, 0.25, 1.625], "texture": "#8"},
				"down": {"uv": [0, 0, 0.25, 1.625], "texture": "#8"}
			}
		},
		{
			"from": [7.75, 27.85, 17.7],
			"to": [8.25, 28.35, 20.95],
			"rotation": {"angle": 22.5, "axis": "x", "origin": [8, 25.6, 16.2]},
			"faces": {
				"north": {"uv": [0, 0, 9.75, 8.5], "texture": "#8"},
				"east": {"uv": [0, 0, 11.5, 11], "texture": "#8"},
				"south": {"uv": [0, 0, 0.25, 0.25], "texture": "#8"},
				"west": {"uv": [0, 0, 1.625, 0.25], "texture": "#8"},
				"up": {"uv": [0, 0, 0.25, 1.625], "texture": "#8"},
				"down": {"uv": [0, 0, 0.25, 1.625], "texture": "#8"}
			}
		},
		{
			"from": [7.65, 28.15, 19.6],
			"to": [8.15, 28.65, 22.85],
			"rotation": {"angle": 22.5, "axis": "x", "origin": [8, 25.6, 16.2]},
			"faces": {
				"north": {"uv": [0, 0, 9.75, 8.5], "texture": "#8"},
				"east": {"uv": [0, 0, 11.5, 11], "texture": "#8"},
				"south": {"uv": [0, 0, 0.25, 0.25], "texture": "#8"},
				"west": {"uv": [0, 0, 1.625, 0.25], "texture": "#8"},
				"up": {"uv": [0, 0, 0.25, 1.625], "texture": "#8"},
				"down": {"uv": [0, 0, 0.25, 1.625], "texture": "#8"}
			}
		},
		{
			"from": [8.05, 27.85, 19.6],
			"to": [8.55, 28.35, 22.85],
			"rotation": {"angle": 22.5, "axis": "x", "origin": [8, 25.6, 16.2]},
			"faces": {
				"north": {"uv": [0, 0, 9.75, 8.5], "texture": "#8"},
				"east": {"uv": [0, 0, 11.5, 11], "texture": "#8"},
				"south": {"uv": [0, 0, 0.25, 0.25], "texture": "#8"},
				"west": {"uv": [0, 0, 1.625, 0.25], "texture": "#8"},
				"up": {"uv": [0, 0, 0.25, 1.625], "texture": "#8"},
				"down": {"uv": [0, 0, 0.25, 1.625], "texture": "#8"}
			}
		},
		{
			"from": [8.45, 25.22938, 21.23296],
			"to": [8.95, 25.72938, 24.48296],
			"rotation": {"angle": 45, "axis": "x", "origin": [8.5, 25.47938, 23.80796]},
			"faces": {
				"north": {"uv": [0, 0, 9.75, 8.5], "rotation": 180, "texture": "#8"},
				"east": {"uv": [0, 0, 11.5, 11], "rotation": 180, "texture": "#8"},
				"south": {"uv": [0, 0, 0.25, 0.25], "rotation": 180, "texture": "#8"},
				"west": {"uv": [0, 0, 1.625, 0.25], "rotation": 180, "texture": "#8"},
				"up": {"uv": [0, 0, 0.25, 1.625], "texture": "#8"},
				"down": {"uv": [0, 0, 0.25, 1.625], "texture": "#8"}
			}
		},
		{
			"from": [8.05, 27.08501, 19.67733],
			"to": [8.55, 27.58501, 22.92733],
			"rotation": {"angle": 0, "axis": "y", "origin": [8.5, 27.03501, 22.25233]},
			"faces": {
				"north": {"uv": [0, 0, 9.75, 8.5], "rotation": 180, "texture": "#8"},
				"east": {"uv": [0, 0, 11.5, 11], "rotation": 180, "texture": "#8"},
				"south": {"uv": [0, 0, 0.25, 0.25], "rotation": 180, "texture": "#8"},
				"west": {"uv": [0, 0, 1.625, 0.25], "rotation": 180, "texture": "#8"},
				"up": {"uv": [0, 0, 0.25, 1.625], "rotation": 180, "texture": "#8"},
				"down": {"uv": [0, 0, 0.25, 1.625], "rotation": 180, "texture": "#8"}
			}
		},
		{
			"from": [8.35, 26.78501, 19.67733],
			"to": [8.85, 27.28501, 22.92733],
			"rotation": {"angle": 0, "axis": "y", "origin": [8.5, 27.03501, 22.25233]},
			"faces": {
				"north": {"uv": [0, 0, 9.75, 8.5], "rotation": 180, "texture": "#8"},
				"east": {"uv": [0, 0, 11.5, 11], "rotation": 180, "texture": "#8"},
				"south": {"uv": [0, 0, 0.25, 0.25], "rotation": 180, "texture": "#8"},
				"west": {"uv": [0, 0, 1.625, 0.25], "rotation": 180, "texture": "#8"},
				"up": {"uv": [0, 0, 0.25, 1.625], "rotation": 180, "texture": "#8"},
				"down": {"uv": [0, 0, 0.25, 1.625], "rotation": 180, "texture": "#8"}
			}
		},
		{
			"from": [8.45, 26.48501, 21.57733],
			"to": [8.95, 26.98501, 24.82733],
			"rotation": {"angle": 0, "axis": "y", "origin": [8.5, 27.03501, 22.25233]},
			"faces": {
				"north": {"uv": [0, 0, 9.75, 8.5], "rotation": 180, "texture": "#8"},
				"east": {"uv": [0, 0, 11.5, 11], "rotation": 180, "texture": "#8"},
				"south": {"uv": [0, 0, 0.25, 0.25], "rotation": 180, "texture": "#8"},
				"west": {"uv": [0, 0, 1.625, 0.25], "rotation": 180, "texture": "#8"},
				"up": {"uv": [0, 0, 0.25, 1.625], "rotation": 180, "texture": "#8"},
				"down": {"uv": [0, 0, 0.25, 1.625], "rotation": 180, "texture": "#8"}
			}
		},
		{
			"from": [8.05, 26.78501, 21.57733],
			"to": [8.55, 27.28501, 24.82733],
			"rotation": {"angle": 0, "axis": "y", "origin": [8.5, 27.03501, 22.25233]},
			"faces": {
				"north": {"uv": [0, 0, 9.75, 8.5], "rotation": 180, "texture": "#8"},
				"east": {"uv": [0, 0, 11.5, 11], "rotation": 180, "texture": "#8"},
				"south": {"uv": [0, 0, 0.25, 0.25], "rotation": 180, "texture": "#8"},
				"west": {"uv": [0, 0, 1.625, 0.25], "rotation": 180, "texture": "#8"},
				"up": {"uv": [0, 0, 0.25, 1.625], "rotation": 180, "texture": "#8"},
				"down": {"uv": [0, 0, 0.25, 1.625], "rotation": 180, "texture": "#8"}
			}
		},
		{
			"from": [8.05, 24.92938, 21.23296],
			"to": [8.55, 25.42938, 24.48296],
			"rotation": {"angle": 45, "axis": "x", "origin": [8.5, 25.47938, 23.80796]},
			"faces": {
				"north": {"uv": [0, 0, 9.75, 8.5], "rotation": 180, "texture": "#8"},
				"east": {"uv": [0, 0, 11.5, 11], "rotation": 180, "texture": "#8"},
				"south": {"uv": [0, 0, 0.25, 0.25], "rotation": 180, "texture": "#8"},
				"west": {"uv": [0, 0, 1.625, 0.25], "rotation": 180, "texture": "#8"},
				"up": {"uv": [0, 0, 0.25, 1.625], "texture": "#8"},
				"down": {"uv": [0, 0, 0.25, 1.625], "texture": "#8"}
			}
		},
		{
			"from": [7.25, 27.35, 18.2],
			"to": [7.75, 27.85, 21.45],
			"rotation": {"angle": 22.5, "axis": "x", "origin": [7.5, 25.1, 16.7]},
			"faces": {
				"north": {"uv": [0, 0, 9.75, 8.5], "texture": "#8"},
				"east": {"uv": [0, 0, 11.5, 11], "texture": "#8"},
				"south": {"uv": [0, 0, 0.25, 0.25], "texture": "#8"},
				"west": {"uv": [0, 0, 1.625, 0.25], "texture": "#8"},
				"up": {"uv": [0, 0, 0.25, 1.625], "texture": "#8"},
				"down": {"uv": [0, 0, 0.25, 1.625], "texture": "#8"}
			}
		},
		{
			"from": [7.55, 27.05, 18.2],
			"to": [8.05, 27.55, 21.45],
			"rotation": {"angle": 22.5, "axis": "x", "origin": [7.5, 25.1, 16.7]},
			"faces": {
				"north": {"uv": [0, 0, 9.75, 8.5], "texture": "#8"},
				"east": {"uv": [0, 0, 11.5, 11], "texture": "#8"},
				"south": {"uv": [0, 0, 0.25, 0.25], "texture": "#8"},
				"west": {"uv": [0, 0, 1.625, 0.25], "texture": "#8"},
				"up": {"uv": [0, 0, 0.25, 1.625], "texture": "#8"},
				"down": {"uv": [0, 0, 0.25, 1.625], "texture": "#8"}
			}
		},
		{
			"from": [7.55, 27.35, 20.1],
			"to": [8.05, 27.85, 23.35],
			"rotation": {"angle": 22.5, "axis": "x", "origin": [7.5, 25.1, 16.7]},
			"faces": {
				"north": {"uv": [0, 0, 9.75, 8.5], "texture": "#8"},
				"east": {"uv": [0, 0, 11.5, 11], "texture": "#8"},
				"south": {"uv": [0, 0, 0.25, 0.25], "texture": "#8"},
				"west": {"uv": [0, 0, 1.625, 0.25], "texture": "#8"},
				"up": {"uv": [0, 0, 0.25, 1.625], "texture": "#8"},
				"down": {"uv": [0, 0, 0.25, 1.625], "texture": "#8"}
			}
		},
		{
			"from": [7.15, 27.65, 20.1],
			"to": [7.65, 28.15, 23.35],
			"rotation": {"angle": 22.5, "axis": "x", "origin": [7.5, 25.1, 16.7]},
			"faces": {
				"north": {"uv": [0, 0, 9.75, 8.5], "texture": "#8"},
				"east": {"uv": [0, 0, 11.5, 11], "texture": "#8"},
				"south": {"uv": [0, 0, 0.25, 0.25], "texture": "#8"},
				"west": {"uv": [0, 0, 1.625, 0.25], "texture": "#8"},
				"up": {"uv": [0, 0, 0.25, 1.625], "texture": "#8"},
				"down": {"uv": [0, 0, 0.25, 1.625], "texture": "#8"}
			}
		},
		{
			"from": [7.95, 24.72938, 21.73296],
			"to": [8.45, 25.22938, 24.98296],
			"rotation": {"angle": 45, "axis": "x", "origin": [8, 24.97938, 24.30796]},
			"faces": {
				"north": {"uv": [0, 0, 9.75, 8.5], "rotation": 180, "texture": "#8"},
				"east": {"uv": [0, 0, 11.5, 11], "rotation": 180, "texture": "#8"},
				"south": {"uv": [0, 0, 0.25, 0.25], "rotation": 180, "texture": "#8"},
				"west": {"uv": [0, 0, 1.625, 0.25], "rotation": 180, "texture": "#8"},
				"up": {"uv": [0, 0, 0.25, 1.625], "texture": "#8"},
				"down": {"uv": [0, 0, 0.25, 1.625], "texture": "#8"}
			}
		},
		{
			"from": [7.55, 26.58501, 20.17733],
			"to": [8.05, 27.08501, 23.42733],
			"rotation": {"angle": 0, "axis": "y", "origin": [8, 26.53501, 22.75233]},
			"faces": {
				"north": {"uv": [0, 0, 9.75, 8.5], "rotation": 180, "texture": "#8"},
				"east": {"uv": [0, 0, 11.5, 11], "rotation": 180, "texture": "#8"},
				"south": {"uv": [0, 0, 0.25, 0.25], "rotation": 180, "texture": "#8"},
				"west": {"uv": [0, 0, 1.625, 0.25], "rotation": 180, "texture": "#8"},
				"up": {"uv": [0, 0, 0.25, 1.625], "rotation": 180, "texture": "#8"},
				"down": {"uv": [0, 0, 0.25, 1.625], "rotation": 180, "texture": "#8"}
			}
		},
		{
			"from": [7.85, 26.28501, 20.17733],
			"to": [8.35, 26.78501, 23.42733],
			"rotation": {"angle": 0, "axis": "y", "origin": [8, 26.53501, 22.75233]},
			"faces": {
				"north": {"uv": [0, 0, 9.75, 8.5], "rotation": 180, "texture": "#8"},
				"east": {"uv": [0, 0, 11.5, 11], "rotation": 180, "texture": "#8"},
				"south": {"uv": [0, 0, 0.25, 0.25], "rotation": 180, "texture": "#8"},
				"west": {"uv": [0, 0, 1.625, 0.25], "rotation": 180, "texture": "#8"},
				"up": {"uv": [0, 0, 0.25, 1.625], "rotation": 180, "texture": "#8"},
				"down": {"uv": [0, 0, 0.25, 1.625], "rotation": 180, "texture": "#8"}
			}
		},
		{
			"from": [7.95, 25.98501, 22.07733],
			"to": [8.45, 26.48501, 25.32733],
			"rotation": {"angle": 0, "axis": "y", "origin": [8, 26.53501, 22.75233]},
			"faces": {
				"north": {"uv": [0, 0, 9.75, 8.5], "rotation": 180, "texture": "#8"},
				"east": {"uv": [0, 0, 11.5, 11], "rotation": 180, "texture": "#8"},
				"south": {"uv": [0, 0, 0.25, 0.25], "rotation": 180, "texture": "#8"},
				"west": {"uv": [0, 0, 1.625, 0.25], "rotation": 180, "texture": "#8"},
				"up": {"uv": [0, 0, 0.25, 1.625], "rotation": 180, "texture": "#8"},
				"down": {"uv": [0, 0, 0.25, 1.625], "rotation": 180, "texture": "#8"}
			}
		},
		{
			"from": [7.55, 26.28501, 22.07733],
			"to": [8.05, 26.78501, 25.32733],
			"rotation": {"angle": 0, "axis": "y", "origin": [8, 26.53501, 22.75233]},
			"faces": {
				"north": {"uv": [0, 0, 9.75, 8.5], "rotation": 180, "texture": "#8"},
				"east": {"uv": [0, 0, 11.5, 11], "rotation": 180, "texture": "#8"},
				"south": {"uv": [0, 0, 0.25, 0.25], "rotation": 180, "texture": "#8"},
				"west": {"uv": [0, 0, 1.625, 0.25], "rotation": 180, "texture": "#8"},
				"up": {"uv": [0, 0, 0.25, 1.625], "rotation": 180, "texture": "#8"},
				"down": {"uv": [0, 0, 0.25, 1.625], "rotation": 180, "texture": "#8"}
			}
		},
		{
			"from": [7.65, 24.72938, 23.63296],
			"to": [8.15, 25.22938, 26.88296],
			"rotation": {"angle": 45, "axis": "x", "origin": [8, 24.97938, 24.30796]},
			"faces": {
				"north": {"uv": [0, 0, 9.75, 8.5], "rotation": 180, "texture": "#8"},
				"east": {"uv": [0, 0, 11.5, 11], "rotation": 180, "texture": "#8"},
				"south": {"uv": [0, 0, 0.25, 0.25], "rotation": 180, "texture": "#8"},
				"west": {"uv": [0, 0, 1.625, 0.25], "rotation": 180, "texture": "#8"},
				"up": {"uv": [0, 0, 0.25, 1.625], "texture": "#8"},
				"down": {"uv": [0, 0, 0.25, 1.625], "texture": "#8"}
			}
		},
		{
			"from": [7.95, 25.02938, 23.63296],
			"to": [8.45, 25.52938, 26.88296],
			"rotation": {"angle": 45, "axis": "x", "origin": [8, 24.97938, 24.30796]},
			"faces": {
				"north": {"uv": [0, 0, 9.75, 8.5], "rotation": 180, "texture": "#8"},
				"east": {"uv": [0, 0, 11.5, 11], "rotation": 180, "texture": "#8"},
				"south": {"uv": [0, 0, 0.25, 0.25], "rotation": 180, "texture": "#8"},
				"west": {"uv": [0, 0, 1.625, 0.25], "rotation": 180, "texture": "#8"},
				"up": {"uv": [0, 0, 0.25, 1.625], "texture": "#8"},
				"down": {"uv": [0, 0, 0.25, 1.625], "texture": "#8"}
			}
		},
		{
			"from": [7.55, 24.42938, 21.73296],
			"to": [8.05, 24.92938, 24.98296],
			"rotation": {"angle": 45, "axis": "x", "origin": [8, 24.97938, 24.30796]},
			"faces": {
				"north": {"uv": [0, 0, 9.75, 8.5], "rotation": 180, "texture": "#8"},
				"east": {"uv": [0, 0, 11.5, 11], "rotation": 180, "texture": "#8"},
				"south": {"uv": [0, 0, 0.25, 0.25], "rotation": 180, "texture": "#8"},
				"west": {"uv": [0, 0, 1.625, 0.25], "rotation": 180, "texture": "#8"},
				"up": {"uv": [0, 0, 0.25, 1.625], "texture": "#8"},
				"down": {"uv": [0, 0, 0.25, 1.625], "texture": "#8"}
			}
		},
		{
			"from": [8.15, 25.22938, 23.13296],
			"to": [8.65, 25.72938, 26.38296],
			"rotation": {"angle": 45, "axis": "x", "origin": [8.5, 25.47938, 23.80796]},
			"faces": {
				"north": {"uv": [0, 0, 9.75, 8.5], "rotation": 180, "texture": "#8"},
				"east": {"uv": [0, 0, 11.5, 11], "rotation": 180, "texture": "#8"},
				"south": {"uv": [0, 0, 0.25, 0.25], "rotation": 180, "texture": "#8"},
				"west": {"uv": [0, 0, 1.625, 0.25], "rotation": 180, "texture": "#8"},
				"up": {"uv": [0, 0, 0.25, 1.625], "texture": "#8"},
				"down": {"uv": [0, 0, 0.25, 1.625], "texture": "#8"}
			}
		},
		{
			"from": [8.45, 25.52938, 23.13296],
			"to": [8.95, 26.02938, 26.38296],
			"rotation": {"angle": 45, "axis": "x", "origin": [8.5, 25.47938, 23.80796]},
			"faces": {
				"north": {"uv": [0, 0, 9.75, 8.5], "rotation": 180, "texture": "#8"},
				"east": {"uv": [0, 0, 11.5, 11], "rotation": 180, "texture": "#8"},
				"south": {"uv": [0, 0, 0.25, 0.25], "rotation": 180, "texture": "#8"},
				"west": {"uv": [0, 0, 1.625, 0.25], "rotation": 180, "texture": "#8"},
				"up": {"uv": [0, 0, 0.25, 1.625], "texture": "#8"},
				"down": {"uv": [0, 0, 0.25, 1.625], "texture": "#8"}
			}
		},
		{
			"from": [8.45, 27.35, 18.2],
			"to": [8.95, 27.85, 21.45],
			"rotation": {"angle": 22.5, "axis": "x", "origin": [8.7, 25.1, 16.7]},
			"faces": {
				"north": {"uv": [0, 0, 9.75, 8.5], "texture": "#8"},
				"east": {"uv": [0, 0, 11.5, 11], "texture": "#8"},
				"south": {"uv": [0, 0, 0.25, 0.25], "texture": "#8"},
				"west": {"uv": [0, 0, 1.625, 0.25], "texture": "#8"},
				"up": {"uv": [0, 0, 0.25, 1.625], "texture": "#8"},
				"down": {"uv": [0, 0, 0.25, 1.625], "texture": "#8"}
			}
		},
		{
			"from": [8.75, 27.05, 18.2],
			"to": [9.25, 27.55, 21.45],
			"rotation": {"angle": 22.5, "axis": "x", "origin": [8.7, 25.1, 16.7]},
			"faces": {
				"north": {"uv": [0, 0, 9.75, 8.5], "texture": "#8"},
				"east": {"uv": [0, 0, 11.5, 11], "texture": "#8"},
				"south": {"uv": [0, 0, 0.25, 0.25], "texture": "#8"},
				"west": {"uv": [0, 0, 1.625, 0.25], "texture": "#8"},
				"up": {"uv": [0, 0, 0.25, 1.625], "texture": "#8"},
				"down": {"uv": [0, 0, 0.25, 1.625], "texture": "#8"}
			}
		},
		{
			"from": [8.75, 27.35, 20.1],
			"to": [9.25, 27.85, 23.35],
			"rotation": {"angle": 22.5, "axis": "x", "origin": [8.7, 25.1, 16.7]},
			"faces": {
				"north": {"uv": [0, 0, 9.75, 8.5], "texture": "#8"},
				"east": {"uv": [0, 0, 11.5, 11], "texture": "#8"},
				"south": {"uv": [0, 0, 0.25, 0.25], "texture": "#8"},
				"west": {"uv": [0, 0, 1.625, 0.25], "texture": "#8"},
				"up": {"uv": [0, 0, 0.25, 1.625], "texture": "#8"},
				"down": {"uv": [0, 0, 0.25, 1.625], "texture": "#8"}
			}
		},
		{
			"from": [8.35, 27.65, 20.1],
			"to": [8.85, 28.15, 23.35],
			"rotation": {"angle": 22.5, "axis": "x", "origin": [8.7, 25.1, 16.7]},
			"faces": {
				"north": {"uv": [0, 0, 9.75, 8.5], "texture": "#8"},
				"east": {"uv": [0, 0, 11.5, 11], "texture": "#8"},
				"south": {"uv": [0, 0, 0.25, 0.25], "texture": "#8"},
				"west": {"uv": [0, 0, 1.625, 0.25], "texture": "#8"},
				"up": {"uv": [0, 0, 0.25, 1.625], "texture": "#8"},
				"down": {"uv": [0, 0, 0.25, 1.625], "texture": "#8"}
			}
		},
		{
			"from": [9.15, 24.72938, 21.73296],
			"to": [9.65, 25.22938, 24.98296],
			"rotation": {"angle": 45, "axis": "x", "origin": [9.2, 24.97938, 24.30796]},
			"faces": {
				"north": {"uv": [0, 0, 9.75, 8.5], "rotation": 180, "texture": "#8"},
				"east": {"uv": [0, 0, 11.5, 11], "rotation": 180, "texture": "#8"},
				"south": {"uv": [0, 0, 0.25, 0.25], "rotation": 180, "texture": "#8"},
				"west": {"uv": [0, 0, 1.625, 0.25], "rotation": 180, "texture": "#8"},
				"up": {"uv": [0, 0, 0.25, 1.625], "texture": "#8"},
				"down": {"uv": [0, 0, 0.25, 1.625], "texture": "#8"}
			}
		},
		{
			"from": [8.75, 26.58501, 20.17733],
			"to": [9.25, 27.08501, 23.42733],
			"rotation": {"angle": 0, "axis": "y", "origin": [9.2, 26.53501, 22.75233]},
			"faces": {
				"north": {"uv": [0, 0, 9.75, 8.5], "rotation": 180, "texture": "#8"},
				"east": {"uv": [0, 0, 11.5, 11], "rotation": 180, "texture": "#8"},
				"south": {"uv": [0, 0, 0.25, 0.25], "rotation": 180, "texture": "#8"},
				"west": {"uv": [0, 0, 1.625, 0.25], "rotation": 180, "texture": "#8"},
				"up": {"uv": [0, 0, 0.25, 1.625], "rotation": 180, "texture": "#8"},
				"down": {"uv": [0, 0, 0.25, 1.625], "rotation": 180, "texture": "#8"}
			}
		},
		{
			"from": [9.05, 26.28501, 20.17733],
			"to": [9.55, 26.78501, 23.42733],
			"rotation": {"angle": 0, "axis": "y", "origin": [9.2, 26.53501, 22.75233]},
			"faces": {
				"north": {"uv": [0, 0, 9.75, 8.5], "rotation": 180, "texture": "#8"},
				"east": {"uv": [0, 0, 11.5, 11], "rotation": 180, "texture": "#8"},
				"south": {"uv": [0, 0, 0.25, 0.25], "rotation": 180, "texture": "#8"},
				"west": {"uv": [0, 0, 1.625, 0.25], "rotation": 180, "texture": "#8"},
				"up": {"uv": [0, 0, 0.25, 1.625], "rotation": 180, "texture": "#8"},
				"down": {"uv": [0, 0, 0.25, 1.625], "rotation": 180, "texture": "#8"}
			}
		},
		{
			"from": [9.15, 25.98501, 22.07733],
			"to": [9.65, 26.48501, 25.32733],
			"rotation": {"angle": 0, "axis": "y", "origin": [9.2, 26.53501, 22.75233]},
			"faces": {
				"north": {"uv": [0, 0, 9.75, 8.5], "rotation": 180, "texture": "#8"},
				"east": {"uv": [0, 0, 11.5, 11], "rotation": 180, "texture": "#8"},
				"south": {"uv": [0, 0, 0.25, 0.25], "rotation": 180, "texture": "#8"},
				"west": {"uv": [0, 0, 1.625, 0.25], "rotation": 180, "texture": "#8"},
				"up": {"uv": [0, 0, 0.25, 1.625], "rotation": 180, "texture": "#8"},
				"down": {"uv": [0, 0, 0.25, 1.625], "rotation": 180, "texture": "#8"}
			}
		},
		{
			"from": [8.75, 26.28501, 22.07733],
			"to": [9.25, 26.78501, 25.32733],
			"rotation": {"angle": 0, "axis": "y", "origin": [9.2, 26.53501, 22.75233]},
			"faces": {
				"north": {"uv": [0, 0, 9.75, 8.5], "rotation": 180, "texture": "#8"},
				"east": {"uv": [0, 0, 11.5, 11], "rotation": 180, "texture": "#8"},
				"south": {"uv": [0, 0, 0.25, 0.25], "rotation": 180, "texture": "#8"},
				"west": {"uv": [0, 0, 1.625, 0.25], "rotation": 180, "texture": "#8"},
				"up": {"uv": [0, 0, 0.25, 1.625], "rotation": 180, "texture": "#8"},
				"down": {"uv": [0, 0, 0.25, 1.625], "rotation": 180, "texture": "#8"}
			}
		},
		{
			"from": [8.85, 24.72938, 23.63296],
			"to": [9.35, 25.22938, 26.88296],
			"rotation": {"angle": 45, "axis": "x", "origin": [9.2, 24.97938, 24.30796]},
			"faces": {
				"north": {"uv": [0, 0, 9.75, 8.5], "rotation": 180, "texture": "#8"},
				"east": {"uv": [0, 0, 11.5, 11], "rotation": 180, "texture": "#8"},
				"south": {"uv": [0, 0, 0.25, 0.25], "rotation": 180, "texture": "#8"},
				"west": {"uv": [0, 0, 1.625, 0.25], "rotation": 180, "texture": "#8"},
				"up": {"uv": [0, 0, 0.25, 1.625], "texture": "#8"},
				"down": {"uv": [0, 0, 0.25, 1.625], "texture": "#8"}
			}
		},
		{
			"from": [9.15, 25.02938, 23.63296],
			"to": [9.65, 25.52938, 26.88296],
			"rotation": {"angle": 45, "axis": "x", "origin": [9.2, 24.97938, 24.30796]},
			"faces": {
				"north": {"uv": [0, 0, 9.75, 8.5], "rotation": 180, "texture": "#8"},
				"east": {"uv": [0, 0, 11.5, 11], "rotation": 180, "texture": "#8"},
				"south": {"uv": [0, 0, 0.25, 0.25], "rotation": 180, "texture": "#8"},
				"west": {"uv": [0, 0, 1.625, 0.25], "rotation": 180, "texture": "#8"},
				"up": {"uv": [0, 0, 0.25, 1.625], "texture": "#8"},
				"down": {"uv": [0, 0, 0.25, 1.625], "texture": "#8"}
			}
		},
		{
			"from": [8.75, 24.42938, 21.73296],
			"to": [9.25, 24.92938, 24.98296],
			"rotation": {"angle": 45, "axis": "x", "origin": [9.2, 24.97938, 24.30796]},
			"faces": {
				"north": {"uv": [0, 0, 9.75, 8.5], "rotation": 180, "texture": "#8"},
				"east": {"uv": [0, 0, 11.5, 11], "rotation": 180, "texture": "#8"},
				"south": {"uv": [0, 0, 0.25, 0.25], "rotation": 180, "texture": "#8"},
				"west": {"uv": [0, 0, 1.625, 0.25], "rotation": 180, "texture": "#8"},
				"up": {"uv": [0, 0, 0.25, 1.625], "texture": "#8"},
				"down": {"uv": [0, 0, 0.25, 1.625], "texture": "#8"}
			}
		},
		{
			"from": [6.5, 26, 14],
			"to": [9.5, 29, 15],
			"rotation": {"angle": 22.5, "axis": "x", "origin": [8, 25, 17]},
			"faces": {
				"north": {"uv": [0, 0, 1.5, 1.5], "texture": "#5"},
				"east": {"uv": [0, 0, 0.5, 1.5], "texture": "#5"},
				"south": {"uv": [0, 0, 1.5, 1.5], "texture": "#5"},
				"west": {"uv": [0, 0, 0.5, 1.5], "texture": "#5"},
				"up": {"uv": [0, 0, 1.5, 0.5], "texture": "#5"},
				"down": {"uv": [0, 0, 1.5, 0.5], "texture": "#5"}
			}
		},
		{
			"from": [6.5, 26, 15.5],
			"to": [9.5, 29, 16.5],
			"rotation": {"angle": 22.5, "axis": "x", "origin": [8, 25, 17]},
			"faces": {
				"north": {"uv": [0, 0, 1.5, 1.5], "texture": "#5"},
				"east": {"uv": [0, 0, 0.5, 1.5], "texture": "#5"},
				"south": {"uv": [0, 0, 1.5, 1.5], "texture": "#5"},
				"west": {"uv": [0, 0, 0.5, 1.5], "texture": "#5"},
				"up": {"uv": [0, 0, 1.5, 0.5], "texture": "#5"},
				"down": {"uv": [0, 0, 1.5, 0.5], "texture": "#5"}
			}
		},
		{
			"from": [7, 29.5, 4.3],
			"to": [9, 31.5, 7.3],
			"rotation": {"angle": -22.5, "axis": "x", "origin": [8, 31, 6]},
			"faces": {
				"north": {"uv": [0, 0, 1, 1], "rotation": 180, "texture": "#5"},
				"east": {"uv": [0, 0, 1, 1.5], "rotation": 270, "texture": "#5"},
				"south": {"uv": [0, 0, 1, 1], "texture": "#5"},
				"west": {"uv": [0, 0, 1, 1.5], "rotation": 90, "texture": "#5"},
				"up": {"uv": [0, 0, 1, 1.5], "rotation": 180, "texture": "#5"},
				"down": {"uv": [0, 0, 1, 1.5], "texture": "#5"}
			}
		},
		{
			"from": [7, 29.5, 8.7],
			"to": [9, 31.5, 10.7],
			"rotation": {"angle": 22.5, "axis": "x", "origin": [8, 31, 10]},
			"faces": {
				"north": {"uv": [0, 0, 1, 1], "texture": "#5"},
				"east": {"uv": [0, 0, 1, 1], "texture": "#5"},
				"south": {"uv": [0, 0, 1, 1], "texture": "#5"},
				"west": {"uv": [0, 0, 1, 1], "texture": "#5"},
				"up": {"uv": [0, 0, 1, 1], "texture": "#5"},
				"down": {"uv": [0, 0, 1, 1], "texture": "#5"}
			}
		},
		{
			"from": [7, 27.70573, 8.41492],
			"to": [9, 29.30573, 11.41492],
			"rotation": {"angle": -22.5, "axis": "x", "origin": [8, 28.65287, 8]},
			"faces": {
				"north": {"uv": [0, 0, 1, 0.8], "rotation": 180, "texture": "#5"},
				"east": {"uv": [0, 0, 0.8, 1.5], "rotation": 90, "texture": "#5"},
				"south": {"uv": [0, 0, 1, 0.8], "texture": "#5"},
				"west": {"uv": [0, 0, 0.8, 1.5], "rotation": 270, "texture": "#5"},
				"up": {"uv": [0, 0, 1, 1.5], "texture": "#5"},
				"down": {"uv": [0, 0, 1, 1.5], "rotation": 180, "texture": "#5"}
			}
		},
		{
			"from": [7, 27.70573, 4.08508],
			"to": [9, 29.30573, 7.58508],
			"rotation": {"angle": 22.5, "axis": "x", "origin": [8, 28.65287, 8]},
			"faces": {
				"north": {"uv": [0, 0, 1, 0.8], "rotation": 180, "texture": "#5"},
				"east": {"uv": [0, 0, 1.75, 0.8], "rotation": 180, "texture": "#5"},
				"south": {"uv": [0, 0, 1, 0.8], "rotation": 180, "texture": "#5"},
				"west": {"uv": [0, 0, 1.75, 0.8], "rotation": 180, "texture": "#5"},
				"up": {"uv": [0, 0, 1, 1.75], "texture": "#5"},
				"down": {"uv": [0, 0, 1, 1.75], "texture": "#5"}
			}
		},
		{
			"from": [6.8, 28.65, 6.7],
			"to": [9.2, 31.35, 9.35],
			"faces": {
				"north": {"uv": [0, 0, 1.2, 1.35], "texture": "#1"},
				"east": {"uv": [0, 0, 1.325, 1.35], "texture": "#1"},
				"south": {"uv": [0, 0, 1.2, 1.35], "texture": "#1"},
				"west": {"uv": [0, 0, 1.325, 1.35], "texture": "#1"},
				"up": {"uv": [0, 0, 1.2, 1.325], "texture": "#1"},
				"down": {"uv": [0, 0, 1.2, 1.325], "texture": "#1"}
			}
		},
		{
			"from": [6.8, 28.65, 6.7],
			"to": [9.2, 31.35, 9.35],
			"rotation": {"angle": 22.5, "axis": "x", "origin": [8, 30, 8.025]},
			"faces": {
				"north": {"uv": [0, 0, 1.2, 1.35], "texture": "#1"},
				"east": {"uv": [0, 0, 1.325, 1.35], "texture": "#1"},
				"south": {"uv": [0, 0, 1.2, 1.35], "texture": "#1"},
				"west": {"uv": [0, 0, 1.325, 1.35], "texture": "#1"},
				"up": {"uv": [0, 0, 1.2, 1.325], "texture": "#1"},
				"down": {"uv": [0, 0, 1.2, 1.325], "texture": "#1"}
			}
		},
		{
			"from": [6.8, 28.675, 6.675],
			"to": [9.2, 31.325, 9.375],
			"rotation": {"angle": -22.5, "axis": "x", "origin": [8, 30, 8.025]},
			"faces": {
				"north": {"uv": [0, 0, 1.2, 1.325], "rotation": 180, "texture": "#1"},
				"east": {"uv": [0, 0, 1.325, 1.35], "rotation": 270, "texture": "#1"},
				"south": {"uv": [0, 0, 1.2, 1.325], "texture": "#1"},
				"west": {"uv": [0, 0, 1.325, 1.35], "rotation": 90, "texture": "#1"},
				"up": {"uv": [0, 0, 1.2, 1.35], "rotation": 180, "texture": "#1"},
				"down": {"uv": [0, 0, 1.2, 1.35], "texture": "#1"}
			}
		},
		{
			"from": [6.8, 28.75, 6.8],
			"to": [9.2, 31.25, 9.25],
			"rotation": {"angle": 45, "axis": "x", "origin": [8, 30, 8.025]},
			"faces": {
				"north": {"uv": [0, 0, 1.2, 1.25], "texture": "#1"},
				"east": {"uv": [0, 0, 1.225, 1.25], "texture": "#1"},
				"south": {"uv": [0, 0, 1.2, 1.25], "texture": "#1"},
				"west": {"uv": [0, 0, 1.225, 1.25], "texture": "#1"},
				"up": {"uv": [0, 0, 1.2, 1.225], "texture": "#1"},
				"down": {"uv": [0, 0, 1.2, 1.225], "texture": "#1"}
			}
		},
		{
			"from": [6.75, 23, 6.75],
			"to": [9.25, 24, 9.25],
			"faces": {
				"north": {"uv": [0, 0, 1.25, 0.5], "texture": "#5"},
				"east": {"uv": [0, 0, 1.25, 0.5], "texture": "#5"},
				"south": {"uv": [0, 0, 1.25, 0.5], "texture": "#5"},
				"west": {"uv": [0, 0, 1.25, 0.5], "texture": "#5"},
				"up": {"uv": [0, 0, 1.25, 1.25], "texture": "#5"},
				"down": {"uv": [0, 0, 1.25, 1.25], "texture": "#5"}
			}
		},
		{
			"from": [6.75, 26.5, 6.75],
			"to": [9.25, 27.5, 9.25],
			"faces": {
				"north": {"uv": [0, 0, 1.25, 0.5], "texture": "#5"},
				"east": {"uv": [0, 0, 1.25, 0.5], "texture": "#5"},
				"south": {"uv": [0, 0, 1.25, 0.5], "texture": "#5"},
				"west": {"uv": [0, 0, 1.25, 0.5], "texture": "#5"},
				"up": {"uv": [0, 0, 1.25, 1.25], "texture": "#5"},
				"down": {"uv": [0, 0, 1.25, 1.25], "texture": "#5"}
			}
		},
		{
			"from": [6.75, 31.5, 6.75],
			"to": [9.25, 32, 9.25],
			"faces": {
				"north": {"uv": [0, 0, 1.25, 0.25], "texture": "#5"},
				"east": {"uv": [0, 0, 1.25, 0.25], "texture": "#5"},
				"south": {"uv": [0, 0, 1.25, 0.25], "texture": "#5"},
				"west": {"uv": [0, 0, 1.25, 0.25], "texture": "#5"},
				"up": {"uv": [0, 0, 1.25, 1.25], "texture": "#5"},
				"down": {"uv": [0, 0, 1.25, 1.25], "texture": "#5"}
			}
		},
		{
			"from": [5.75, -14.5, 5.75],
			"to": [10.25, -13.5, 10.25],
			"faces": {
				"north": {"uv": [0, 0, 2.25, 0.5], "texture": "#1"},
				"east": {"uv": [0, 0, 2.25, 0.5], "texture": "#1"},
				"south": {"uv": [0, 0, 2.25, 0.5], "texture": "#1"},
				"west": {"uv": [0, 0, 2.25, 0.5], "texture": "#1"},
				"up": {"uv": [0, 0, 2.25, 2.25], "texture": "#1"},
				"down": {"uv": [0, 0, 2.25, 2.25], "texture": "#1"}
			}
		},
		{
			"from": [6.5, -15.1, 6.5],
			"to": [9.5, -12.9, 9.5],
			"faces": {
				"north": {"uv": [0, 0, 1.5, 1.1], "texture": "#1"},
				"east": {"uv": [0, 0, 1.5, 1.1], "texture": "#1"},
				"south": {"uv": [0, 0, 1.5, 1.1], "texture": "#1"},
				"west": {"uv": [0, 0, 1.5, 1.1], "texture": "#1"},
				"up": {"uv": [0, 0, 1.5, 1.5], "texture": "#1"},
				"down": {"uv": [0, 0, 1.5, 1.5], "texture": "#1"}
			}
		}
	],
	"display": {
		"thirdperson_righthand": {
			"translation": [0, 5.75, 2],
			"scale": [1.75, 1.75, 1.75]
		},
		"firstperson_righthand": {
			"rotation": [11, 4, 0],
			"translation": [7.25, 1.5, -6.75],
			"scale": [0.8, 0.8, 0.8]
		},
		"firstperson_lefthand": {
			"rotation": [0, -90, 25],
			"translation": [1.13, 3.2, 1.13],
			"scale": [0.68, 0.68, 0.68]
		},
		"ground": {
			"rotation": [0, 0, 90],
			"translation": [0, 2, 0],
			"scale": [1.75, 1.75, 1.75]
		},
		"gui": {
			"rotation": [-60, -41, -60],
			"scale": [0.5, 0.5, 0.5]
		}
	},
	"groups": [
		{
			"name": "Spada",
			"origin": [0, 0, 0],
			"color": 0,
			"children": [0, 1, 2, 3, 4, 5, 6]
		},
		7,
		8,
		9,
		10,
		11,
		12,
		13,
		14,
		15,
		16,
		17,
		18,
		19,
		20,
		{
			"name": "falce destra",
			"origin": [8, 21.7827, -11.28401],
			"color": 0,
			"children": [21, 22, 23, 24, 25, 26, 27, 28, 29, 30, 31, 32, 33, 34, 35, 36]
		},
		37,
		38,
		39,
		40,
		41,
		{
			"name": "FiammaRetro",
			"origin": [8, 25, 17],
			"color": 0,
			"children": [42, 43, 44, 45, 46, 47, 48, 49, 50, 51, 52, 53, 54, 55, 56, 57, 58, 59, 60, 61, 62, 63, 64, 65, 66, 67, 68, 69, 70, 71, 72, 73, 74, 75, 76, 77]
		},
		78,
		79,
		80,
		81,
		82,
		83,
		84,
		85,
		86,
		87,
		88,
		89,
		90,
		91,
		92
	]
}